{"type":"FeatureCollection","name":"Ad Orientem R37 – Recovered existing source-backed provisional pins","metadata":{"as_of":"2026-10-10","note":"staging only; provider geocodes are provisional, not entrance-certified; geometry does not certify Mass status","licensing":"OpenStreetMap-derived data may be subject to ODbL and attribution; preserve source-level attribution","branches":"research/map-first-geo-recovery-r37-20261010","source_coordinate_assertions":844,"distinct_provisional_venue_ids":369},"features":[{"type":"Feature","geometry":{"type":"Point","coordinates":[150.8842771,-33.7813323]},"properties":{"source_id":"ao-fssp-croatian-catholic-parish-hall-70-douglas-rd-blacktown-nsw-2148-australia","name":"Croatian Catholic Parish Hall","iso":"AU","city":"","affiliation":"FSSP","venue_type":"church","precision":"street","approximate":true,"gate":"provisional_site_pin","source_url":"https://github.com/Fulcanelli13/ad-orientem/blob/main/data/directory/generated/fssp/geo.v1.geojson","source_path":"data/directory/generated/fssp/geo.v1.geojson","coordinate_provider":"OSM_NOMINATIM","additional_sources":[],"coordinate_conflict":false}},{"type":"Feature","geometry":{"type":"Point","coordinates":[151.0035628,-33.8092696]},"properties":{"source_id":"ao-fssp-st-patrick-s-cathedral-1-marist-place-parramatta-nsw-2150-australia","name":"St. Patrick's Cathedral","iso":"AU","city":"","affiliation":"FSSP","venue_type":"other","precision":"street","approximate":true,"gate":"provisional_site_pin","source_url":"https://github.com/Fulcanelli13/ad-orientem/blob/main/data/directory/generated/fssp/geo.v1.geojson","source_path":"data/directory/generated/fssp/geo.v1.geojson","coordinate_provider":"OSM_NOMINATIM","additional_sources":[],"coordinate_conflict":false}},{"type":"Feature","geometry":{"type":"Point","coordinates":[151.0455178,-33.619096]},"properties":{"source_id":"ao-fssp-st-benedict-s-catholic-church-2-fagans-road-arcadia-nsw-2159-australia","name":"St Benedict's Catholic Church","iso":"AU","city":"","affiliation":"FSSP","venue_type":"church","precision":"building","approximate":false,"gate":"provisional_site_pin","source_url":"https://github.com/Fulcanelli13/ad-orientem/blob/main/data/directory/generated/fssp/geo.v1.geojson","source_path":"data/directory/generated/fssp/geo.v1.geojson","coordinate_provider":"OSM_NOMINATIM","additional_sources":[],"coordinate_conflict":false}},{"type":"Feature","geometry":{"type":"Point","coordinates":[151.5587858,-32.7339812]},"properties":{"source_id":"ao-fssp-st-john-the-baptist-oratory-cathedral-st-maitland-2-cathedral-st-maitland-nsw-2320-australia","name":"St John the Baptist Oratory Cathedral St Maitland","iso":"AU","city":"","affiliation":"FSSP","venue_type":"oratory","precision":"street","approximate":true,"gate":"provisional_site_pin","source_url":"https://github.com/Fulcanelli13/ad-orientem/blob/main/data/directory/generated/fssp/geo.v1.geojson","source_path":"data/directory/generated/fssp/geo.v1.geojson","coordinate_provider":"OSM_NOMINATIM","additional_sources":[],"coordinate_conflict":false}},{"type":"Feature","geometry":{"type":"Point","coordinates":[149.09346,-35.3388825]},"properties":{"source_id":"ao-fssp-sts-peter-and-paul-church-2-boake-place-garran-act-2605-australia","name":"Sts. Peter and Paul Church","iso":"AU","city":"","affiliation":"FSSP","venue_type":"church","precision":"street","approximate":true,"gate":"provisional_site_pin","source_url":"https://github.com/Fulcanelli13/ad-orientem/blob/main/data/directory/generated/fssp/geo.v1.geojson","source_path":"data/directory/generated/fssp/geo.v1.geojson","coordinate_provider":"OSM_NOMINATIM","additional_sources":[],"coordinate_conflict":false}},{"type":"Feature","geometry":{"type":"Point","coordinates":[138.6230841,-34.9151971]},"properties":{"source_id":"ao-fssp-church-of-the-holy-name-80-payneham-rd-stepney-sa-5069-australia","name":"Church of the Holy Name","iso":"AU","city":"","affiliation":"FSSP","venue_type":"church","precision":"street","approximate":true,"gate":"provisional_site_pin","source_url":"https://github.com/Fulcanelli13/ad-orientem/blob/main/data/directory/generated/fssp/geo.v1.geojson","source_path":"data/directory/generated/fssp/geo.v1.geojson","coordinate_provider":"OSM_NOMINATIM","additional_sources":[],"coordinate_conflict":false}},{"type":"Feature","geometry":{"type":"Point","coordinates":[4.3527639,50.8392468]},"properties":{"source_id":"ao-fssp-eglise-saints-jean-et-etienne-aux-minimes-rue-des-minimes-62-b-1000-bruxelles-belgique","name":"Eglise Saints Jean et Etienne aux Minimes","iso":"BE","city":"","affiliation":"FSSP","venue_type":"church","precision":"address","approximate":false,"gate":"provisional_site_pin","source_url":"https://github.com/Fulcanelli13/ad-orientem/blob/main/data/directory/generated/fssp/geo.v1.geojson","source_path":"data/directory/generated/fssp/geo.v1.geojson","coordinate_provider":"OSM_NOMINATIM","additional_sources":[],"coordinate_conflict":false}},{"type":"Feature","geometry":{"type":"Point","coordinates":[5.6403661,50.6699802]},"properties":{"source_id":"ao-fssp-notre-dame-de-l-assomption-nd-de-la-licourt-place-de-la-licourt-52-b-4040-herstal-belgique","name":"Notre-Dame de l'Assomption (ND de la Licourt)","iso":"BE","city":"","affiliation":"FSSP","venue_type":"other","precision":"street","approximate":true,"gate":"provisional_site_pin","source_url":"https://github.com/Fulcanelli13/ad-orientem/blob/main/data/directory/generated/fssp/geo.v1.geojson","source_path":"data/directory/generated/fssp/geo.v1.geojson","coordinate_provider":"OSM_NOMINATIM","additional_sources":[],"coordinate_conflict":false}},{"type":"Feature","geometry":{"type":"Point","coordinates":[5.6299828,50.6646848]},"properties":{"source_id":"ao-fssp-chapelle-saint-oremus-place-camille-lemonnier-b-4040-herstal-belgique","name":"Chapelle Saint-Oremus","iso":"BE","city":"","affiliation":"FSSP","venue_type":"chapel","precision":"street","approximate":true,"gate":"provisional_site_pin","source_url":"https://github.com/Fulcanelli13/ad-orientem/blob/main/data/directory/generated/fssp/geo.v1.geojson","source_path":"data/directory/generated/fssp/geo.v1.geojson","coordinate_provider":"OSM_NOMINATIM","additional_sources":[],"coordinate_conflict":false}},{"type":"Feature","geometry":{"type":"Point","coordinates":[4.8663348,50.4601609]},"properties":{"source_id":"ao-fssp-chapelle-saint-materne-rue-notre-dame-46-b-5000-namur-belgique","name":"Chapelle Saint-Materne","iso":"BE","city":"","affiliation":"FSSP","venue_type":"chapel","precision":"building","approximate":false,"gate":"provisional_site_pin","source_url":"https://github.com/Fulcanelli13/ad-orientem/blob/main/data/directory/generated/fssp/geo.v1.geojson","source_path":"data/directory/generated/fssp/geo.v1.geojson","coordinate_provider":"OSM_NOMINATIM","additional_sources":[],"coordinate_conflict":false}},{"type":"Feature","geometry":{"type":"Point","coordinates":[-75.6830945,45.4344685]},"properties":{"source_id":"ao-fssp-st-clement-parish-528-old-st-patrick-street-ottawa-on-k1n-5l5-canada","name":"St. Clement Parish","iso":"CA","city":"","affiliation":"FSSP","venue_type":"church","precision":"building","approximate":false,"gate":"provisional_site_pin","source_url":"https://github.com/Fulcanelli13/ad-orientem/blob/main/data/directory/generated/fssp/geo.v1.geojson","source_path":"data/directory/generated/fssp/geo.v1.geojson","coordinate_provider":"OSM_NOMINATIM","additional_sources":[],"coordinate_conflict":false}},{"type":"Feature","geometry":{"type":"Point","coordinates":[-106.6575001,52.1149313]},"properties":{"source_id":"ao-fssp-sacred-heart-of-jesus-latin-mass-community-535-8th-street-east-saskatoon-sk-s7h-0p9-canada","name":"Sacred Heart of Jesus Latin Mass Community","iso":"CA","city":"","affiliation":"FSSP","venue_type":"other","precision":"building","approximate":false,"gate":"provisional_site_pin","source_url":"https://github.com/Fulcanelli13/ad-orientem/blob/main/data/directory/generated/fssp/geo.v1.geojson","source_path":"data/directory/generated/fssp/geo.v1.geojson","coordinate_provider":"OSM_NOMINATIM","additional_sources":[],"coordinate_conflict":false}},{"type":"Feature","geometry":{"type":"Point","coordinates":[-113.5223749,53.5917831]},"properties":{"source_id":"ao-fssp-st-edmund-s-parish-13120-116-street-nw-edmonton-ab-t5e-5h5-canada","name":"St. Edmund's Parish","iso":"CA","city":"","affiliation":"FSSP","venue_type":"church","precision":"building","approximate":false,"gate":"provisional_site_pin","source_url":"https://github.com/Fulcanelli13/ad-orientem/blob/main/data/directory/generated/fssp/geo.v1.geojson","source_path":"data/directory/generated/fssp/geo.v1.geojson","coordinate_provider":"OSM_NOMINATIM","additional_sources":[],"coordinate_conflict":false}},{"type":"Feature","geometry":{"type":"Point","coordinates":[-113.4659985,53.5321631]},"properties":{"source_id":"ao-fssp-assumption-parish-9034-95-avenue-edmonton-ab-t6c-1z3-canada","name":"Assumption Parish","iso":"CA","city":"","affiliation":"FSSP","venue_type":"church","precision":"building","approximate":false,"gate":"provisional_site_pin","source_url":"https://github.com/Fulcanelli13/ad-orientem/blob/main/data/directory/generated/fssp/geo.v1.geojson","source_path":"data/directory/generated/fssp/geo.v1.geojson","coordinate_provider":"OSM_NOMINATIM","additional_sources":[],"coordinate_conflict":false}},{"type":"Feature","geometry":{"type":"Point","coordinates":[-113.24978,53.5232852]},"properties":{"source_id":"ao-fssp-vital-grandin-chaplaincy-427-foxtail-link-sherwood-park-ab-t8a3k1-canada","name":"Vital Grandin Chaplaincy","iso":"CA","city":"","affiliation":"FSSP","venue_type":"other","precision":"building","approximate":false,"gate":"provisional_site_pin","source_url":"https://github.com/Fulcanelli13/ad-orientem/blob/main/data/directory/generated/fssp/geo.v1.geojson","source_path":"data/directory/generated/fssp/geo.v1.geojson","coordinate_provider":"OSM_NOMINATIM","additional_sources":[],"coordinate_conflict":false}},{"type":"Feature","geometry":{"type":"Point","coordinates":[-123.0669553,49.2408947]},"properties":{"source_id":"ao-fssp-holy-family-parish-4851-beatrice-st-vancouver-bc-v5n-4j5-canada","name":"Holy Family Parish","iso":"CA","city":"","affiliation":"FSSP","venue_type":"church","precision":"building","approximate":false,"gate":"provisional_site_pin","source_url":"https://github.com/Fulcanelli13/ad-orientem/blob/main/data/directory/generated/fssp/geo.v1.geojson","source_path":"data/directory/generated/fssp/geo.v1.geojson","coordinate_provider":"OSM_NOMINATIM","additional_sources":[],"coordinate_conflict":false}},{"type":"Feature","geometry":{"type":"Point","coordinates":[14.4284819,50.0686959]},"properties":{"source_id":"ao-fssp-kostel-nanebevzeti-panny-marie-a-sv-karla-velikeho-ke-karlovu-453-1-cz-12000-praha-ceska-republika","name":"Kostel Nanebevzetí Panny Marie a sv. Karla Velikého","iso":"CZ","city":"","affiliation":"FSSP","venue_type":"other","precision":"building","approximate":false,"gate":"provisional_site_pin","source_url":"https://github.com/Fulcanelli13/ad-orientem/blob/main/data/directory/generated/fssp/geo.v1.geojson","source_path":"data/directory/generated/fssp/geo.v1.geojson","coordinate_provider":"OSM_NOMINATIM","additional_sources":[],"coordinate_conflict":false}},{"type":"Feature","geometry":{"type":"Point","coordinates":[8.6956517,49.408777]},"properties":{"source_id":"ao-fssp-st-anna-plock-4-69117-heidelberg-deutschland","name":"St. Anna","iso":"DE","city":"","affiliation":"FSSP","venue_type":"other","precision":"building","approximate":false,"gate":"provisional_site_pin","source_url":"https://github.com/Fulcanelli13/ad-orientem/blob/main/data/directory/generated/fssp/geo.v1.geojson","source_path":"data/directory/generated/fssp/geo.v1.geojson","coordinate_provider":"OSM_NOMINATIM","additional_sources":[],"coordinate_conflict":false}},{"type":"Feature","geometry":{"type":"Point","coordinates":[14.9862707,51.1252861]},"properties":{"source_id":"ao-fssp-kirche-st-johannes-franziskus-an-den-nei-ewiesen-91-d-02827-gorlitz-weinhubel-deutschland","name":"Kirche St. Johannes & Franziskus","iso":"DE","city":"","affiliation":"FSSP","venue_type":"church","precision":"building","approximate":false,"gate":"provisional_site_pin","source_url":"https://github.com/Fulcanelli13/ad-orientem/blob/main/data/directory/generated/fssp/geo.v1.geojson","source_path":"data/directory/generated/fssp/geo.v1.geojson","coordinate_provider":"OSM_NOMINATIM","additional_sources":[],"coordinate_conflict":false}},{"type":"Feature","geometry":{"type":"Point","coordinates":[13.044298,52.3994735]},"properties":{"source_id":"ao-fssp-kapelle-des-st-josefs-krankenhauses-allee-nach-sanssouci-7-d-14471-potsdam-deutschland","name":"Kapelle des St. Josefs-Krankenhauses","iso":"DE","city":"","affiliation":"FSSP","venue_type":"chapel","precision":"building","approximate":false,"gate":"provisional_site_pin","source_url":"https://github.com/Fulcanelli13/ad-orientem/blob/main/data/directory/generated/fssp/geo.v1.geojson","source_path":"data/directory/generated/fssp/geo.v1.geojson","coordinate_provider":"OSM_NOMINATIM","additional_sources":[],"coordinate_conflict":false}},{"type":"Feature","geometry":{"type":"Point","coordinates":[10.131486,54.3225134]},"properties":{"source_id":"ao-fssp-st-nikolaus-rathausstr-5-d-24103-kiel-deutschland","name":"St. Nikolaus","iso":"DE","city":"","affiliation":"FSSP","venue_type":"other","precision":"building","approximate":false,"gate":"provisional_site_pin","source_url":"https://github.com/Fulcanelli13/ad-orientem/blob/main/data/directory/generated/fssp/geo.v1.geojson","source_path":"data/directory/generated/fssp/geo.v1.geojson","coordinate_provider":"OSM_NOMINATIM","additional_sources":[],"coordinate_conflict":false}},{"type":"Feature","geometry":{"type":"Point","coordinates":[9.7268294,52.3729921]},"properties":{"source_id":"ao-fssp-basilika-st-clemens-platz-an-der-basilika-1-d-30169-hannover-deutschland","name":"Basilika St. Clemens","iso":"DE","city":"","affiliation":"FSSP","venue_type":"other","precision":"building","approximate":false,"gate":"provisional_site_pin","source_url":"https://github.com/Fulcanelli13/ad-orientem/blob/main/data/directory/generated/fssp/geo.v1.geojson","source_path":"data/directory/generated/fssp/geo.v1.geojson","coordinate_provider":"OSM_NOMINATIM","additional_sources":[],"coordinate_conflict":false}},{"type":"Feature","geometry":{"type":"Point","coordinates":[6.7649317,51.1854916]},"properties":{"source_id":"ao-fssp-kirche-st-dionysius-abteihofstr-25-d-40221-dusseldorf-deutschland","name":"Kirche St. Dionysius","iso":"DE","city":"","affiliation":"FSSP","venue_type":"church","precision":"building","approximate":false,"gate":"provisional_site_pin","source_url":"https://github.com/Fulcanelli13/ad-orientem/blob/main/data/directory/generated/fssp/geo.v1.geojson","source_path":"data/directory/generated/fssp/geo.v1.geojson","coordinate_provider":"OSM_NOMINATIM","additional_sources":[],"coordinate_conflict":false}},{"type":"Feature","geometry":{"type":"Point","coordinates":[7.1954758,51.2702915]},"properties":{"source_id":"ao-fssp-st-antonius-unterdornen-137-d-42275-wuppertal-barmen-deutschland","name":"St. Antonius","iso":"DE","city":"","affiliation":"FSSP","venue_type":"other","precision":"building","approximate":false,"gate":"provisional_site_pin","source_url":"https://github.com/Fulcanelli13/ad-orientem/blob/main/data/directory/generated/fssp/geo.v1.geojson","source_path":"data/directory/generated/fssp/geo.v1.geojson","coordinate_provider":"OSM_NOMINATIM","additional_sources":[],"coordinate_conflict":false}},{"type":"Feature","geometry":{"type":"Point","coordinates":[7.2093319,51.1715597]},"properties":{"source_id":"ao-fssp-st-joseph-menninghauser-stra-e-5-d-42859-remscheid-deutschland","name":"St. Joseph","iso":"DE","city":"","affiliation":"FSSP","venue_type":"other","precision":"building","approximate":false,"gate":"provisional_site_pin","source_url":"https://github.com/Fulcanelli13/ad-orientem/blob/main/data/directory/generated/fssp/geo.v1.geojson","source_path":"data/directory/generated/fssp/geo.v1.geojson","coordinate_provider":"OSM_NOMINATIM","additional_sources":[],"coordinate_conflict":false}},{"type":"Feature","geometry":{"type":"Point","coordinates":[7.1883068,51.5631433]},"properties":{"source_id":"ao-fssp-priesterbruderschaft-st-petrus-recklinghausen-frobelstr-17-d-45661-recklinghausen-deutschland","name":"Priesterbruderschaft St. Petrus Recklinghausen","iso":"DE","city":"","affiliation":"FSSP","venue_type":"other","precision":"building","approximate":false,"gate":"provisional_site_pin","source_url":"https://github.com/Fulcanelli13/ad-orientem/blob/main/data/directory/generated/fssp/geo.v1.geojson","source_path":"data/directory/generated/fssp/geo.v1.geojson","coordinate_provider":"OSM_NOMINATIM","additional_sources":[],"coordinate_conflict":false}},{"type":"Feature","geometry":{"type":"Point","coordinates":[7.2013356,51.5795185]},"properties":{"source_id":"ao-fssp-kirche-st-joseph-grullbadstr-94-d-45661-recklinghausen-grullbad-deutschland","name":"Kirche St. Joseph","iso":"DE","city":"","affiliation":"FSSP","venue_type":"church","precision":"building","approximate":false,"gate":"provisional_site_pin","source_url":"https://github.com/Fulcanelli13/ad-orientem/blob/main/data/directory/generated/fssp/geo.v1.geojson","source_path":"data/directory/generated/fssp/geo.v1.geojson","coordinate_provider":"OSM_NOMINATIM","additional_sources":[],"coordinate_conflict":false}},{"type":"Feature","geometry":{"type":"Point","coordinates":[7.1861545,51.5622083]},"properties":{"source_id":"ao-fssp-kirche-st-michael-michaelstr-1-d-45661-recklinghausen-hochlarmark-deutschland","name":"Kirche St. Michael","iso":"DE","city":"","affiliation":"FSSP","venue_type":"church","precision":"building","approximate":false,"gate":"provisional_site_pin","source_url":"https://github.com/Fulcanelli13/ad-orientem/blob/main/data/directory/generated/fssp/geo.v1.geojson","source_path":"data/directory/generated/fssp/geo.v1.geojson","coordinate_provider":"OSM_NOMINATIM","additional_sources":[],"coordinate_conflict":false}},{"type":"Feature","geometry":{"type":"Point","coordinates":[6.8529321,51.4617132]},"properties":{"source_id":"ao-fssp-kirche-st-joseph-lothringer-str-154-d-46045-oberhausen-styrum-deutschland","name":"Kirche St. Joseph","iso":"DE","city":"","affiliation":"FSSP","venue_type":"church","precision":"building","approximate":false,"gate":"provisional_site_pin","source_url":"https://github.com/Fulcanelli13/ad-orientem/blob/main/data/directory/generated/fssp/geo.v1.geojson","source_path":"data/directory/generated/fssp/geo.v1.geojson","coordinate_provider":"OSM_NOMINATIM","additional_sources":[],"coordinate_conflict":false}},{"type":"Feature","geometry":{"type":"Point","coordinates":[6.956856,50.9186474]},"properties":{"source_id":"ao-fssp-kirche-maria-hilf-rolandstrasse-59-d-50677-koln-deutschland","name":"Kirche Maria Hilf","iso":"DE","city":"","affiliation":"FSSP","venue_type":"church","precision":"building","approximate":false,"gate":"provisional_site_pin","source_url":"https://github.com/Fulcanelli13/ad-orientem/blob/main/data/directory/generated/fssp/geo.v1.geojson","source_path":"data/directory/generated/fssp/geo.v1.geojson","coordinate_provider":"OSM_NOMINATIM","additional_sources":[],"coordinate_conflict":false}},{"type":"Feature","geometry":{"type":"Point","coordinates":[7.0582003,51.066639]},"properties":{"source_id":"ao-fssp-st-anna-kapelle-kapellenstr-10-d-51381-leverkusen-deutschland","name":"St. Anna Kapelle","iso":"DE","city":"","affiliation":"FSSP","venue_type":"chapel","precision":"building","approximate":false,"gate":"provisional_site_pin","source_url":"https://github.com/Fulcanelli13/ad-orientem/blob/main/data/directory/generated/fssp/geo.v1.geojson","source_path":"data/directory/generated/fssp/geo.v1.geojson","coordinate_provider":"OSM_NOMINATIM","additional_sources":[],"coordinate_conflict":false}},{"type":"Feature","geometry":{"type":"Point","coordinates":[7.1611404,51.034019]},"properties":{"source_id":"ao-fssp-heilig-kreuz-kapelle-kapellenweg-3-d-51519-odenthal-klasmuhle-deutschland","name":"Heilig-Kreuz-Kapelle","iso":"DE","city":"","affiliation":"FSSP","venue_type":"chapel","precision":"building","approximate":false,"gate":"provisional_site_pin","source_url":"https://github.com/Fulcanelli13/ad-orientem/blob/main/data/directory/generated/fssp/geo.v1.geojson","source_path":"data/directory/generated/fssp/geo.v1.geojson","coordinate_provider":"OSM_NOMINATIM","additional_sources":[],"coordinate_conflict":false}},{"type":"Feature","geometry":{"type":"Point","coordinates":[7.4260699,51.0450383]},"properties":{"source_id":"ao-fssp-st-apollinaris-jan-wellem-strasse-12-d-51789-lindlar-deutschland","name":"St. Apollinaris","iso":"DE","city":"","affiliation":"FSSP","venue_type":"other","precision":"building","approximate":false,"gate":"provisional_site_pin","source_url":"https://github.com/Fulcanelli13/ad-orientem/blob/main/data/directory/generated/fssp/geo.v1.geojson","source_path":"data/directory/generated/fssp/geo.v1.geojson","coordinate_provider":"OSM_NOMINATIM","additional_sources":[],"coordinate_conflict":false}},{"type":"Feature","geometry":{"type":"Point","coordinates":[6.6933105,50.799841]},"properties":{"source_id":"ao-fssp-st-martinus-alfons-keever-str-5-d-52388-norvenich-deutschland","name":"St. Martinus","iso":"DE","city":"","affiliation":"FSSP","venue_type":"other","precision":"building","approximate":false,"gate":"provisional_site_pin","source_url":"https://github.com/Fulcanelli13/ad-orientem/blob/main/data/directory/generated/fssp/geo.v1.geojson","source_path":"data/directory/generated/fssp/geo.v1.geojson","coordinate_provider":"OSM_NOMINATIM","additional_sources":[],"coordinate_conflict":false}},{"type":"Feature","geometry":{"type":"Point","coordinates":[7.135122,49.2908424]},"properties":{"source_id":"ao-fssp-kirche-st-michael-von-der-leyen-str-72-d-66386-st-ingbert-deutschland","name":"Kirche St. Michael","iso":"DE","city":"","affiliation":"FSSP","venue_type":"church","precision":"building","approximate":false,"gate":"provisional_site_pin","source_url":"https://github.com/Fulcanelli13/ad-orientem/blob/main/data/directory/generated/fssp/geo.v1.geojson","source_path":"data/directory/generated/fssp/geo.v1.geojson","coordinate_provider":"OSM_NOMINATIM","additional_sources":[],"coordinate_conflict":false}},{"type":"Feature","geometry":{"type":"Point","coordinates":[6.753704,49.3155066]},"properties":{"source_id":"ao-fssp-kirche-st-petrus-canisius-stiftstr-18-d-66740-saarlouis-deutschland","name":"Kirche St. Petrus Canisius","iso":"DE","city":"","affiliation":"FSSP","venue_type":"church","precision":"building","approximate":false,"gate":"provisional_site_pin","source_url":"https://github.com/Fulcanelli13/ad-orientem/blob/main/data/directory/generated/fssp/geo.v1.geojson","source_path":"data/directory/generated/fssp/geo.v1.geojson","coordinate_provider":"OSM_NOMINATIM","additional_sources":[],"coordinate_conflict":false}},{"type":"Feature","geometry":{"type":"Point","coordinates":[8.7361274,49.5123334]},"properties":{"source_id":"ao-fssp-kirche-herz-jesu-am-hummelberg-2-d-69469-oberflockenbach-deutschland","name":"Kirche Herz-Jesu","iso":"DE","city":"","affiliation":"FSSP","venue_type":"church","precision":"building","approximate":false,"gate":"provisional_site_pin","source_url":"https://github.com/Fulcanelli13/ad-orientem/blob/main/data/directory/generated/fssp/geo.v1.geojson","source_path":"data/directory/generated/fssp/geo.v1.geojson","coordinate_provider":"OSM_NOMINATIM","additional_sources":[],"coordinate_conflict":false}},{"type":"Feature","geometry":{"type":"Point","coordinates":[9.146404,48.8395755]},"properties":{"source_id":"ao-fssp-kirche-st-albert-wollinstrasse-55-d-70435-stuttgart-zuffenhausen-deutschland","name":"Kirche St. Albert","iso":"DE","city":"","affiliation":"FSSP","venue_type":"church","precision":"building","approximate":false,"gate":"provisional_site_pin","source_url":"https://github.com/Fulcanelli13/ad-orientem/blob/main/data/directory/generated/fssp/geo.v1.geojson","source_path":"data/directory/generated/fssp/geo.v1.geojson","coordinate_provider":"OSM_NOMINATIM","additional_sources":[],"coordinate_conflict":false}},{"type":"Feature","geometry":{"type":"Point","coordinates":[9.8045351,48.8029708]},"properties":{"source_id":"ao-fssp-kirche-st-leonhard-aalener-strasse-1-d-73527-schwabisch-gmund-deutschland","name":"Kirche St. Leonhard","iso":"DE","city":"","affiliation":"FSSP","venue_type":"church","precision":"building","approximate":false,"gate":"provisional_site_pin","source_url":"https://github.com/Fulcanelli13/ad-orientem/blob/main/data/directory/generated/fssp/geo.v1.geojson","source_path":"data/directory/generated/fssp/geo.v1.geojson","coordinate_provider":"OSM_NOMINATIM","additional_sources":[],"coordinate_conflict":false}},{"type":"Feature","geometry":{"type":"Point","coordinates":[9.2260402,49.195008]},"properties":{"source_id":"ao-fssp-frauenkirche-spitalstr-1-d-74172-neckarsulm-deutschland","name":"Frauenkirche","iso":"DE","city":"","affiliation":"FSSP","venue_type":"church","precision":"building","approximate":false,"gate":"provisional_site_pin","source_url":"https://github.com/Fulcanelli13/ad-orientem/blob/main/data/directory/generated/fssp/geo.v1.geojson","source_path":"data/directory/generated/fssp/geo.v1.geojson","coordinate_provider":"OSM_NOMINATIM","additional_sources":[],"coordinate_conflict":false}},{"type":"Feature","geometry":{"type":"Point","coordinates":[7.850891023769155,47.99167049965044]},"properties":{"source_id":"ao-fssp-adelhauser-kirche-adelhauser-str-31a-d-79098-freiburg-i-br-deutschland","name":"Adelhauser Kirche","iso":"DE","city":"","affiliation":"FSSP","venue_type":"church","precision":"address","approximate":false,"gate":"provisional_site_pin","source_url":"https://github.com/Fulcanelli13/ad-orientem/blob/main/data/directory/generated/fssp/geo.v1.geojson","source_path":"data/directory/generated/fssp/geo.v1.geojson","coordinate_provider":"OFFICIAL_SOURCE","additional_sources":[],"coordinate_conflict":false}},{"type":"Feature","geometry":{"type":"Point","coordinates":[11.5678435,48.1356916]},"properties":{"source_id":"ao-fssp-allerheiligenkirche-am-kreuz-kreuzkirche-kreuzstra-e-10-d-80331-munchen-deutschland","name":"Allerheiligenkirche am Kreuz (Kreuzkirche)","iso":"DE","city":"","affiliation":"FSSP","venue_type":"church","precision":"building","approximate":false,"gate":"provisional_site_pin","source_url":"https://github.com/Fulcanelli13/ad-orientem/blob/main/data/directory/generated/fssp/geo.v1.geojson","source_path":"data/directory/generated/fssp/geo.v1.geojson","coordinate_provider":"OSM_NOMINATIM","additional_sources":[],"coordinate_conflict":false}},{"type":"Feature","geometry":{"type":"Point","coordinates":[11.1086814,47.495039]},"properties":{"source_id":"ao-fssp-sebastianskapelle-ludwigstrasse-81-d-82467-garmisch-partenkirchen-deutschland","name":"Sebastianskapelle","iso":"DE","city":"","affiliation":"FSSP","venue_type":"chapel","precision":"building","approximate":false,"gate":"provisional_site_pin","source_url":"https://github.com/Fulcanelli13/ad-orientem/blob/main/data/directory/generated/fssp/geo.v1.geojson","source_path":"data/directory/generated/fssp/geo.v1.geojson","coordinate_provider":"OSM_NOMINATIM","additional_sources":[],"coordinate_conflict":false}},{"type":"Feature","geometry":{"type":"Point","coordinates":[12.1530173,47.741067]},"properties":{"source_id":"ao-fssp-kirche-st-leonhard-leonhardiweg-d-83131-nu-dorf-am-inn-deutschland","name":"Kirche St. Leonhard","iso":"DE","city":"","affiliation":"FSSP","venue_type":"church","precision":"street","approximate":true,"gate":"provisional_site_pin","source_url":"https://github.com/Fulcanelli13/ad-orientem/blob/main/data/directory/generated/fssp/geo.v1.geojson","source_path":"data/directory/generated/fssp/geo.v1.geojson","coordinate_provider":"OSM_NOMINATIM","additional_sources":[],"coordinate_conflict":false}},{"type":"Feature","geometry":{"type":"Point","coordinates":[11.4396869,48.7953303]},"properties":{"source_id":"ao-fssp-kirche-st-willibald-dorfplatz-4-d-85055-ingolstadt-deutschland","name":"Kirche St. Willibald","iso":"DE","city":"","affiliation":"FSSP","venue_type":"church","precision":"building","approximate":false,"gate":"provisional_site_pin","source_url":"https://github.com/Fulcanelli13/ad-orientem/blob/main/data/directory/generated/fssp/geo.v1.geojson","source_path":"data/directory/generated/fssp/geo.v1.geojson","coordinate_provider":"OSM_NOMINATIM","additional_sources":[],"coordinate_conflict":false}},{"type":"Feature","geometry":{"type":"Point","coordinates":[11.1914247,48.890368]},"properties":{"source_id":"ao-fssp-heilig-kreuz-kirche-kapuzinergasse-2-d-85072-eichstatt-deutschland","name":"Heilig-Kreuz-Kirche","iso":"DE","city":"","affiliation":"FSSP","venue_type":"church","precision":"building","approximate":false,"gate":"provisional_site_pin","source_url":"https://github.com/Fulcanelli13/ad-orientem/blob/main/data/directory/generated/fssp/geo.v1.geojson","source_path":"data/directory/generated/fssp/geo.v1.geojson","coordinate_provider":"OSM_NOMINATIM","additional_sources":[],"coordinate_conflict":false}},{"type":"Feature","geometry":{"type":"Point","coordinates":[11.5563341,48.874094]},"properties":{"source_id":"ao-fssp-distriktsstudienhaus-st-albertus-magnus-forststr-12-d-85092-kosching-bettbrunn-deutschland","name":"Distriktsstudienhaus St. Albertus Magnus","iso":"DE","city":"","affiliation":"FSSP","venue_type":"other","precision":"building","approximate":false,"gate":"provisional_site_pin","source_url":"https://github.com/Fulcanelli13/ad-orientem/blob/main/data/directory/generated/fssp/geo.v1.geojson","source_path":"data/directory/generated/fssp/geo.v1.geojson","coordinate_provider":"OSM_NOMINATIM","additional_sources":[],"coordinate_conflict":false}},{"type":"Feature","geometry":{"type":"Point","coordinates":[11.966965,48.0461588]},"properties":{"source_id":"ao-fssp-marktkirche-zur-allerheiligsten-dreifaltigkeit-dreifaltigkeitsgasse-3-d-85567-grafing-deutschland","name":"Marktkirche zur Allerheiligsten Dreifaltigkeit","iso":"DE","city":"","affiliation":"FSSP","venue_type":"church","precision":"building","approximate":false,"gate":"provisional_site_pin","source_url":"https://github.com/Fulcanelli13/ad-orientem/blob/main/data/directory/generated/fssp/geo.v1.geojson","source_path":"data/directory/generated/fssp/geo.v1.geojson","coordinate_provider":"OSM_NOMINATIM","additional_sources":[],"coordinate_conflict":false}},{"type":"Feature","geometry":{"type":"Point","coordinates":[11.0216407,48.2830595]},"properties":{"source_id":"ao-fssp-pfarrkirche-st-peter-und-paul-meringer-str-2-d-86510-hormannsberg-deutschland","name":"Pfarrkirche St. Peter und Paul","iso":"DE","city":"","affiliation":"FSSP","venue_type":"church","precision":"building","approximate":false,"gate":"provisional_site_pin","source_url":"https://github.com/Fulcanelli13/ad-orientem/blob/main/data/directory/generated/fssp/geo.v1.geojson","source_path":"data/directory/generated/fssp/geo.v1.geojson","coordinate_provider":"OSM_NOMINATIM","additional_sources":[],"coordinate_conflict":false}},{"type":"Feature","geometry":{"type":"Point","coordinates":[10.5947417,48.0037123]},"properties":{"source_id":"ao-fssp-pfarrkirche-st-justina-dominikanerinnenkirche-klosterhof-d-86825-bad-worishofen-deutschland","name":"Pfarrkirche St. Justina / Dominikanerinnenkirche","iso":"DE","city":"","affiliation":"FSSP","venue_type":"church","precision":"building","approximate":false,"gate":"provisional_site_pin","source_url":"https://github.com/Fulcanelli13/ad-orientem/blob/main/data/directory/generated/fssp/geo.v1.geojson","source_path":"data/directory/generated/fssp/geo.v1.geojson","coordinate_provider":"OSM_NOMINATIM","additional_sources":[],"coordinate_conflict":false}},{"type":"Feature","geometry":{"type":"Point","coordinates":[10.8814483,48.0499915]},"properties":{"source_id":"ao-fssp-heilig-kreuz-kirche-ignatiuskapelle-malteserstrasse-d-86899-landsberg-a-lech-deutschland","name":"Heilig-Kreuz-Kirche (Ignatiuskapelle)","iso":"DE","city":"","affiliation":"FSSP","venue_type":"chapel","precision":"street","approximate":true,"gate":"provisional_site_pin","source_url":"https://github.com/Fulcanelli13/ad-orientem/blob/main/data/directory/generated/fssp/geo.v1.geojson","source_path":"data/directory/generated/fssp/geo.v1.geojson","coordinate_provider":"OSM_NOMINATIM","additional_sources":[],"coordinate_conflict":false}},{"type":"Feature","geometry":{"type":"Point","coordinates":[10.2181528,47.8742409]},"properties":{"source_id":"ao-fssp-schlosskapelle-bad-gronenbach-pappenheimerstrasse-d-87730-bad-gronenbach-deutschland","name":"Schlosskapelle Bad Grönenbach","iso":"DE","city":"","affiliation":"FSSP","venue_type":"chapel","precision":"street","approximate":true,"gate":"provisional_site_pin","source_url":"https://github.com/Fulcanelli13/ad-orientem/blob/main/data/directory/generated/fssp/geo.v1.geojson","source_path":"data/directory/generated/fssp/geo.v1.geojson","coordinate_provider":"OSM_NOMINATIM","additional_sources":[],"coordinate_conflict":false}},{"type":"Feature","geometry":{"type":"Point","coordinates":[9.8339692,47.6420437]},"properties":{"source_id":"ao-fssp-suhnekirche-kirchstrasse-d-88145-opfenbach-wigratzbad-deutschland","name":"Sühnekirche","iso":"DE","city":"","affiliation":"FSSP","venue_type":"church","precision":"street","approximate":true,"gate":"provisional_site_pin","source_url":"https://github.com/Fulcanelli13/ad-orientem/blob/main/data/directory/generated/fssp/geo.v1.geojson","source_path":"data/directory/generated/fssp/geo.v1.geojson","coordinate_provider":"OSM_NOMINATIM","additional_sources":[],"coordinate_conflict":false}},{"type":"Feature","geometry":{"type":"Point","coordinates":[11.112084,49.487209]},"properties":{"source_id":"ao-fssp-st-georg-bierweg-35-d-90411-nurnberg-deutschland","name":"St. Georg","iso":"DE","city":"","affiliation":"FSSP","venue_type":"other","precision":"address","approximate":false,"gate":"provisional_site_pin","source_url":"https://github.com/Fulcanelli13/ad-orientem/blob/main/data/directory/generated/fssp/geo.v1.geojson","source_path":"data/directory/generated/fssp/geo.v1.geojson","coordinate_provider":"OSM_NOMINATIM","additional_sources":[],"coordinate_conflict":false}},{"type":"Feature","geometry":{"type":"Point","coordinates":[11.8716848,49.4526041]},"properties":{"source_id":"ao-fssp-wallfahrtskirche-maria-hilf-mariahilfberg-3-d-92224-amberg-deutschland","name":"Wallfahrtskirche Maria Hilf","iso":"DE","city":"","affiliation":"FSSP","venue_type":"church","precision":"building","approximate":false,"gate":"provisional_site_pin","source_url":"https://github.com/Fulcanelli13/ad-orientem/blob/main/data/directory/generated/fssp/geo.v1.geojson","source_path":"data/directory/generated/fssp/geo.v1.geojson","coordinate_provider":"OSM_NOMINATIM","additional_sources":[],"coordinate_conflict":false}},{"type":"Feature","geometry":{"type":"Point","coordinates":[11.8551889,49.4456313]},"properties":{"source_id":"ao-fssp-st-augustinuskirche-deutsche-schulgasse-4-d-92224-amberg-deutschland","name":"St. Augustinuskirche","iso":"DE","city":"","affiliation":"FSSP","venue_type":"church","precision":"building","approximate":false,"gate":"provisional_site_pin","source_url":"https://github.com/Fulcanelli13/ad-orientem/blob/main/data/directory/generated/fssp/geo.v1.geojson","source_path":"data/directory/generated/fssp/geo.v1.geojson","coordinate_provider":"OSM_NOMINATIM","additional_sources":[],"coordinate_conflict":false}},{"type":"Feature","geometry":{"type":"Point","coordinates":[11.4618885,49.2744404]},"properties":{"source_id":"ao-fssp-kirche-st-jobst-regensburger-str-16-d-92318-neumarkt-in-der-oberpfalz-deutschland","name":"Kirche St. Jobst","iso":"DE","city":"","affiliation":"FSSP","venue_type":"church","precision":"building","approximate":false,"gate":"provisional_site_pin","source_url":"https://github.com/Fulcanelli13/ad-orientem/blob/main/data/directory/generated/fssp/geo.v1.geojson","source_path":"data/directory/generated/fssp/geo.v1.geojson","coordinate_provider":"OSM_NOMINATIM","additional_sources":[],"coordinate_conflict":false}},{"type":"Feature","geometry":{"type":"Point","coordinates":[12.0902872,49.016316]},"properties":{"source_id":"ao-fssp-ehemalige-deutschordenskirche-st-agidius-agidienplatz-6-d-93047-regensburg-deutschland","name":"Ehemalige Deutschordenskirche St. Ägidius","iso":"DE","city":"","affiliation":"FSSP","venue_type":"church","precision":"building","approximate":false,"gate":"provisional_site_pin","source_url":"https://github.com/Fulcanelli13/ad-orientem/blob/main/data/directory/generated/fssp/geo.v1.geojson","source_path":"data/directory/generated/fssp/geo.v1.geojson","coordinate_provider":"OSM_NOMINATIM","additional_sources":[],"coordinate_conflict":false}},{"type":"Feature","geometry":{"type":"Point","coordinates":[3.0065897,43.1858613]},"properties":{"source_id":"ao-fssp-eglise-saint-sebastien-rue-michelet-f-11100-narbonne-france","name":"Eglise Saint-Sébastien","iso":"FR","city":"","affiliation":"FSSP","venue_type":"church","precision":"street","approximate":true,"gate":"provisional_site_pin","source_url":"https://github.com/Fulcanelli13/ad-orientem/blob/main/data/directory/generated/fssp/geo.v1.geojson","source_path":"data/directory/generated/fssp/geo.v1.geojson","coordinate_provider":"OSM_NOMINATIM","additional_sources":[],"coordinate_conflict":false}},{"type":"Feature","geometry":{"type":"Point","coordinates":[-0.3560561,49.17349]},"properties":{"source_id":"ao-fssp-eglise-saint-michel-de-vaucelles-1-rue-branville-f-14000-caen-france","name":"Eglise Saint-Michel de Vaucelles","iso":"FR","city":"","affiliation":"FSSP","venue_type":"church","precision":"address","approximate":false,"gate":"provisional_site_pin","source_url":"https://github.com/Fulcanelli13/ad-orientem/blob/main/data/directory/generated/fssp/geo.v1.geojson","source_path":"data/directory/generated/fssp/geo.v1.geojson","coordinate_provider":"OSM_NOMINATIM","additional_sources":[],"coordinate_conflict":false}},{"type":"Feature","geometry":{"type":"Point","coordinates":[2.3935326,47.0868839]},"properties":{"source_id":"ao-fssp-eglise-notre-dame-rue-notre-dame-f-18000-bourges-france","name":"Eglise Notre-Dame","iso":"FR","city":"","affiliation":"FSSP","venue_type":"church","precision":"street","approximate":true,"gate":"provisional_site_pin","source_url":"https://github.com/Fulcanelli13/ad-orientem/blob/main/data/directory/generated/fssp/geo.v1.geojson","source_path":"data/directory/generated/fssp/geo.v1.geojson","coordinate_provider":"OSM_NOMINATIM","additional_sources":[],"coordinate_conflict":false}},{"type":"Feature","geometry":{"type":"Point","coordinates":[0.4956688,44.8440868]},"properties":{"source_id":"ao-fssp-chapelle-de-l-alba-rue-albert-thomas-f-24100-bergerac-france","name":"Chapelle de l'Alba","iso":"FR","city":"","affiliation":"FSSP","venue_type":"chapel","precision":"street","approximate":true,"gate":"provisional_site_pin","source_url":"https://github.com/Fulcanelli13/ad-orientem/blob/main/data/directory/generated/fssp/geo.v1.geojson","source_path":"data/directory/generated/fssp/geo.v1.geojson","coordinate_provider":"OSM_NOMINATIM","additional_sources":[],"coordinate_conflict":false}},{"type":"Feature","geometry":{"type":"Point","coordinates":[6.019071,47.240377]},"properties":{"source_id":"ao-fssp-eglise-sainte-madeleine-1-rue-de-la-madeleine-f-25000-besancon-france","name":"Eglise Sainte-Madeleine","iso":"FR","city":"","affiliation":"FSSP","venue_type":"church","precision":"address","approximate":false,"gate":"provisional_site_pin","source_url":"https://github.com/Fulcanelli13/ad-orientem/blob/main/data/directory/generated/fssp/geo.v1.geojson","source_path":"data/directory/generated/fssp/geo.v1.geojson","coordinate_provider":"OSM_NOMINATIM","additional_sources":[],"coordinate_conflict":false}},{"type":"Feature","geometry":{"type":"Point","coordinates":[4.75385,44.562827]},"properties":{"source_id":"ao-fssp-chapelle-notre-dame-de-la-rose-36-avenue-saint-martin-f-26200-montelimar-france","name":"Chapelle Notre-Dame de la Rose","iso":"FR","city":"","affiliation":"FSSP","venue_type":"chapel","precision":"address","approximate":false,"gate":"provisional_site_pin","source_url":"https://github.com/Fulcanelli13/ad-orientem/blob/main/data/directory/generated/fssp/geo.v1.geojson","source_path":"data/directory/generated/fssp/geo.v1.geojson","coordinate_provider":"OSM_NOMINATIM","additional_sources":[],"coordinate_conflict":false}},{"type":"Feature","geometry":{"type":"Point","coordinates":[1.4865877,49.0932709]},"properties":{"source_id":"ao-fssp-collegiale-notre-dame-rue-du-chapitre-f-27200-vernon-france","name":"Collégiale Notre-Dame","iso":"FR","city":"","affiliation":"FSSP","venue_type":"other","precision":"street","approximate":true,"gate":"provisional_site_pin","source_url":"https://github.com/Fulcanelli13/ad-orientem/blob/main/data/directory/generated/fssp/geo.v1.geojson","source_path":"data/directory/generated/fssp/geo.v1.geojson","coordinate_provider":"OSM_NOMINATIM","additional_sources":[],"coordinate_conflict":false}},{"type":"Feature","geometry":{"type":"Point","coordinates":[1.4901374,48.4447449]},"properties":{"source_id":"ao-fssp-eglise-saint-aignan-place-saint-aignan-f-28000-chartres-france","name":"Eglise Saint-Aignan","iso":"FR","city":"","affiliation":"FSSP","venue_type":"church","precision":"street","approximate":true,"gate":"provisional_site_pin","source_url":"https://github.com/Fulcanelli13/ad-orientem/blob/main/data/directory/generated/fssp/geo.v1.geojson","source_path":"data/directory/generated/fssp/geo.v1.geojson","coordinate_provider":"OSM_NOMINATIM","additional_sources":[],"coordinate_conflict":false}},{"type":"Feature","geometry":{"type":"Point","coordinates":[-0.5904106,44.8379164]},"properties":{"source_id":"ao-fssp-eglise-saint-bruno-place-du-11-novembre-f-33000-bordeaux-france","name":"Eglise Saint-Bruno","iso":"FR","city":"","affiliation":"FSSP","venue_type":"church","precision":"street","approximate":true,"gate":"provisional_site_pin","source_url":"https://github.com/Fulcanelli13/ad-orientem/blob/main/data/directory/generated/fssp/geo.v1.geojson","source_path":"data/directory/generated/fssp/geo.v1.geojson","coordinate_provider":"OSM_NOMINATIM","additional_sources":[],"coordinate_conflict":false}},{"type":"Feature","geometry":{"type":"Point","coordinates":[-0.5960865,44.8597743]},"properties":{"source_id":"ao-fssp-college-saint-fort-135-avenue-du-president-robert-schuman-f-33110-le-bouscat-france","name":"Collège Saint-Fort","iso":"FR","city":"","affiliation":"FSSP","venue_type":"other","precision":"building","approximate":false,"gate":"provisional_site_pin","source_url":"https://github.com/Fulcanelli13/ad-orientem/blob/main/data/directory/generated/fssp/geo.v1.geojson","source_path":"data/directory/generated/fssp/geo.v1.geojson","coordinate_provider":"OSM_NOMINATIM","additional_sources":[],"coordinate_conflict":false}},{"type":"Feature","geometry":{"type":"Point","coordinates":[1.6843002,46.8164805]},"properties":{"source_id":"ao-fssp-eglise-saint-christophe-place-saint-christophe-f-36000-chateauroux-france","name":"Eglise Saint-Christophe","iso":"FR","city":"","affiliation":"FSSP","venue_type":"church","precision":"street","approximate":true,"gate":"provisional_site_pin","source_url":"https://github.com/Fulcanelli13/ad-orientem/blob/main/data/directory/generated/fssp/geo.v1.geojson","source_path":"data/directory/generated/fssp/geo.v1.geojson","coordinate_provider":"OSM_NOMINATIM","additional_sources":[],"coordinate_conflict":false}},{"type":"Feature","geometry":{"type":"Point","coordinates":[0.745666,47.4418671]},"properties":{"source_id":"ao-fssp-eglise-saint-pierre-de-parcay-place-de-l-eglise-f-37290-parcay-meslay-france","name":"Eglise Saint-Pierre de Parçay","iso":"FR","city":"","affiliation":"FSSP","venue_type":"church","precision":"building","approximate":false,"gate":"provisional_site_pin","source_url":"https://github.com/Fulcanelli13/ad-orientem/blob/main/data/directory/generated/fssp/geo.v1.geojson","source_path":"data/directory/generated/fssp/geo.v1.geojson","coordinate_provider":"OSM_NOMINATIM","additional_sources":[],"coordinate_conflict":false}},{"type":"Feature","geometry":{"type":"Point","coordinates":[4.3799194,45.4415107]},"properties":{"source_id":"ao-fssp-chapelle-saint-bernard-9-rue-buisson-f-42000-saint-etienne-france","name":"Chapelle Saint-Bernard","iso":"FR","city":"","affiliation":"FSSP","venue_type":"chapel","precision":"address","approximate":false,"gate":"provisional_site_pin","source_url":"https://github.com/Fulcanelli13/ad-orientem/blob/main/data/directory/generated/fssp/geo.v1.geojson","source_path":"data/directory/generated/fssp/geo.v1.geojson","coordinate_provider":"OSM_NOMINATIM","additional_sources":[],"coordinate_conflict":false}},{"type":"Feature","geometry":{"type":"Point","coordinates":[4.6957362,45.3855413]},"properties":{"source_id":"ao-fssp-eglise-de-la-nativite-de-saint-jean-baptiste-rue-de-l-eglise-f-42520-bessey-france","name":"Eglise de la Nativité de Saint-Jean-Baptiste","iso":"FR","city":"","affiliation":"FSSP","venue_type":"church","precision":"street","approximate":true,"gate":"provisional_site_pin","source_url":"https://github.com/Fulcanelli13/ad-orientem/blob/main/data/directory/generated/fssp/geo.v1.geojson","source_path":"data/directory/generated/fssp/geo.v1.geojson","coordinate_provider":"OSM_NOMINATIM","additional_sources":[],"coordinate_conflict":false}},{"type":"Feature","geometry":{"type":"Point","coordinates":[4.064697,45.6093152]},"properties":{"source_id":"ao-fssp-eglise-saint-pierre-2-rue-saint-pierre-f-42600-montbrison-france","name":"Eglise Saint-Pierre","iso":"FR","city":"","affiliation":"FSSP","venue_type":"church","precision":"street","approximate":true,"gate":"provisional_site_pin","source_url":"https://github.com/Fulcanelli13/ad-orientem/blob/main/data/directory/generated/fssp/geo.v1.geojson","source_path":"data/directory/generated/fssp/geo.v1.geojson","coordinate_provider":"OSM_NOMINATIM","additional_sources":[],"coordinate_conflict":false}},{"type":"Feature","geometry":{"type":"Point","coordinates":[-1.5367061,47.2220897]},"properties":{"source_id":"ao-fssp-eglise-sainte-elisabeth-43-rue-de-coulmiers-f-44000-nantes-france","name":"Eglise Sainte-Elisabeth","iso":"FR","city":"","affiliation":"FSSP","venue_type":"church","precision":"address","approximate":false,"gate":"provisional_site_pin","source_url":"https://github.com/Fulcanelli13/ad-orientem/blob/main/data/directory/generated/fssp/geo.v1.geojson","source_path":"data/directory/generated/fssp/geo.v1.geojson","coordinate_provider":"OSM_NOMINATIM","additional_sources":[],"coordinate_conflict":false}},{"type":"Feature","geometry":{"type":"Point","coordinates":[-0.7782756,48.0705151]},"properties":{"source_id":"ao-fssp-eglise-paroissiale-notre-dame-des-cordeliers-4-place-notre-dame-f-53000-laval-france","name":"Eglise paroissiale Notre-Dame des Cordeliers","iso":"FR","city":"","affiliation":"FSSP","venue_type":"church","precision":"street","approximate":true,"gate":"provisional_site_pin","source_url":"https://github.com/Fulcanelli13/ad-orientem/blob/main/data/directory/generated/fssp/geo.v1.geojson","source_path":"data/directory/generated/fssp/geo.v1.geojson","coordinate_provider":"OSM_NOMINATIM","additional_sources":[],"coordinate_conflict":false}},{"type":"Feature","geometry":{"type":"Point","coordinates":[5.3948788,49.163755]},"properties":{"source_id":"ao-fssp-eglise-saint-jean-baptiste-avenue-de-la-42e-division-f-55100-verdun-france","name":"Eglise Saint-Jean-Baptiste","iso":"FR","city":"","affiliation":"FSSP","venue_type":"church","precision":"street","approximate":true,"gate":"provisional_site_pin","source_url":"https://github.com/Fulcanelli13/ad-orientem/blob/main/data/directory/generated/fssp/geo.v1.geojson","source_path":"data/directory/generated/fssp/geo.v1.geojson","coordinate_provider":"OSM_NOMINATIM","additional_sources":[],"coordinate_conflict":false}},{"type":"Feature","geometry":{"type":"Point","coordinates":[0.5352084,48.5388821]},"properties":{"source_id":"ao-fssp-eglise-paroissiale-f-61400-saint-langis-les-mortagne-france","name":"Eglise paroissiale","iso":"FR","city":"","affiliation":"FSSP","venue_type":"church","precision":"street","approximate":true,"gate":"provisional_site_pin","source_url":"https://github.com/Fulcanelli13/ad-orientem/blob/main/data/directory/generated/fssp/geo.v1.geojson","source_path":"data/directory/generated/fssp/geo.v1.geojson","coordinate_provider":"OSM_NOMINATIM","additional_sources":[],"coordinate_conflict":false}},{"type":"Feature","geometry":{"type":"Point","coordinates":[0.181926,48.6062533]},"properties":{"source_id":"ao-fssp-chapelle-de-l-institut-croix-des-vents-55-rue-d-argentre-f-61500-sees-france","name":"Chapelle de l'Institut Croix-des-Vents","iso":"FR","city":"","affiliation":"FSSP","venue_type":"chapel","precision":"address","approximate":false,"gate":"provisional_site_pin","source_url":"https://github.com/Fulcanelli13/ad-orientem/blob/main/data/directory/generated/fssp/geo.v1.geojson","source_path":"data/directory/generated/fssp/geo.v1.geojson","coordinate_provider":"OSM_NOMINATIM","additional_sources":[],"coordinate_conflict":false}},{"type":"Feature","geometry":{"type":"Point","coordinates":[0.181926,48.6062533]},"properties":{"source_id":"ao-fssp-institut-croix-des-vents-saint-joseph-55-rue-d-argentre-f-61500-sees-france","name":"Institut Croix-des-Vents - Saint-Joseph","iso":"FR","city":"","affiliation":"FSSP","venue_type":"other","precision":"address","approximate":false,"gate":"provisional_site_pin","source_url":"https://github.com/Fulcanelli13/ad-orientem/blob/main/data/directory/generated/fssp/geo.v1.geojson","source_path":"data/directory/generated/fssp/geo.v1.geojson","coordinate_provider":"OSM_NOMINATIM","additional_sources":[],"coordinate_conflict":false}},{"type":"Feature","geometry":{"type":"Point","coordinates":[3.118632,45.7775351]},"properties":{"source_id":"ao-fssp-eglise-sainte-bernadette-2-rue-de-la-parlette-f-63000-clermont-ferrand-france","name":"Église Sainte Bernadette","iso":"FR","city":"","affiliation":"FSSP","venue_type":"church","precision":"address","approximate":false,"gate":"provisional_site_pin","source_url":"https://github.com/Fulcanelli13/ad-orientem/blob/main/data/directory/generated/fssp/geo.v1.geojson","source_path":"data/directory/generated/fssp/geo.v1.geojson","coordinate_provider":"OSM_NOMINATIM","additional_sources":[],"coordinate_conflict":false}},{"type":"Feature","geometry":{"type":"Point","coordinates":[-0.3657379,43.2959399]},"properties":{"source_id":"ao-fssp-chapelle-saint-louis-de-gonzague-place-saint-louis-de-gonzague-f-64000-pau-france","name":"Chapelle Saint-Louis-de-Gonzague","iso":"FR","city":"","affiliation":"FSSP","venue_type":"chapel","precision":"street","approximate":true,"gate":"provisional_site_pin","source_url":"https://github.com/Fulcanelli13/ad-orientem/blob/main/data/directory/generated/fssp/geo.v1.geojson","source_path":"data/directory/generated/fssp/geo.v1.geojson","coordinate_provider":"OSM_NOMINATIM","additional_sources":[],"coordinate_conflict":false}},{"type":"Feature","geometry":{"type":"Point","coordinates":[0.0592117,43.229111]},"properties":{"source_id":"ao-fssp-chapelle-sainte-bernadette-51-rue-traynes-f-65000-tarbes-france","name":"Chapelle Sainte-Bernadette","iso":"FR","city":"","affiliation":"FSSP","venue_type":"chapel","precision":"building","approximate":false,"gate":"provisional_site_pin","source_url":"https://github.com/Fulcanelli13/ad-orientem/blob/main/data/directory/generated/fssp/geo.v1.geojson","source_path":"data/directory/generated/fssp/geo.v1.geojson","coordinate_provider":"OSM_NOMINATIM","additional_sources":[],"coordinate_conflict":false}},{"type":"Feature","geometry":{"type":"Point","coordinates":[-0.0546906,43.0994649]},"properties":{"source_id":"ao-fssp-chapelle-de-l-hospitalet-3a-route-de-pau-f-65100-lourdes-france","name":"Chapelle de l'Hospitalet","iso":"FR","city":"","affiliation":"FSSP","venue_type":"chapel","precision":"address","approximate":false,"gate":"provisional_site_pin","source_url":"https://github.com/Fulcanelli13/ad-orientem/blob/main/data/directory/generated/fssp/geo.v1.geojson","source_path":"data/directory/generated/fssp/geo.v1.geojson","coordinate_provider":"OSM_NOMINATIM","additional_sources":[],"coordinate_conflict":false}},{"type":"Feature","geometry":{"type":"Point","coordinates":[2.8928429,42.6967403]},"properties":{"source_id":"ao-fssp-eglise-saint-matthieu-12-rue-grande-la-monnaie-f-66000-perpignan-france","name":"Eglise Saint-Matthieu","iso":"FR","city":"","affiliation":"FSSP","venue_type":"church","precision":"address","approximate":false,"gate":"provisional_site_pin","source_url":"https://github.com/Fulcanelli13/ad-orientem/blob/main/data/directory/generated/fssp/geo.v1.geojson","source_path":"data/directory/generated/fssp/geo.v1.geojson","coordinate_provider":"OSM_NOMINATIM","additional_sources":[],"coordinate_conflict":false}},{"type":"Feature","geometry":{"type":"Point","coordinates":[4.8204222,45.7560193]},"properties":{"source_id":"ao-fssp-collegiale-saint-just-41-rue-des-farges-f-69005-lyon-france","name":"Collégiale Saint-Just","iso":"FR","city":"","affiliation":"FSSP","venue_type":"other","precision":"building","approximate":false,"gate":"provisional_site_pin","source_url":"https://github.com/Fulcanelli13/ad-orientem/blob/main/data/directory/generated/fssp/geo.v1.geojson","source_path":"data/directory/generated/fssp/geo.v1.geojson","coordinate_provider":"OSM_NOMINATIM","additional_sources":[],"coordinate_conflict":false}},{"type":"Feature","geometry":{"type":"Point","coordinates":[4.7972483,45.7691643]},"properties":{"source_id":"ao-fssp-college-francois-et-jacinthe-de-fatima-3-rue-des-deux-amants-f-69009-lyon-france","name":"Collège François et Jacinthe de Fatima","iso":"FR","city":"","affiliation":"FSSP","venue_type":"other","precision":"address","approximate":false,"gate":"provisional_site_pin","source_url":"https://github.com/Fulcanelli13/ad-orientem/blob/main/data/directory/generated/fssp/geo.v1.geojson","source_path":"data/directory/generated/fssp/geo.v1.geojson","coordinate_provider":"OSM_NOMINATIM","additional_sources":[],"coordinate_conflict":false}},{"type":"Feature","geometry":{"type":"Point","coordinates":[4.772187,45.749421]},"properties":{"source_id":"ao-fssp-lycee-saint-augustin-10-avenue-du-chater-f-69340-francheville-france","name":"Lycée Saint-Augustin","iso":"FR","city":"","affiliation":"FSSP","venue_type":"other","precision":"address","approximate":false,"gate":"provisional_site_pin","source_url":"https://github.com/Fulcanelli13/ad-orientem/blob/main/data/directory/generated/fssp/geo.v1.geojson","source_path":"data/directory/generated/fssp/geo.v1.geojson","coordinate_provider":"OSM_NOMINATIM","additional_sources":[],"coordinate_conflict":false}},{"type":"Feature","geometry":{"type":"Point","coordinates":[4.77789,45.7415503]},"properties":{"source_id":"ao-fssp-ecole-sainte-jeanne-d-arc-1-chemin-de-petite-champagne-f-69340-francheville-france","name":"Ecole Sainte-Jeanne d'Arc","iso":"FR","city":"","affiliation":"FSSP","venue_type":"other","precision":"address","approximate":false,"gate":"provisional_site_pin","source_url":"https://github.com/Fulcanelli13/ad-orientem/blob/main/data/directory/generated/fssp/geo.v1.geojson","source_path":"data/directory/generated/fssp/geo.v1.geojson","coordinate_provider":"OSM_NOMINATIM","additional_sources":[],"coordinate_conflict":false}},{"type":"Feature","geometry":{"type":"Point","coordinates":[4.8526131,46.7869522]},"properties":{"source_id":"ao-fssp-chapelle-nd-de-la-citadelle-15-rue-doneau-f-71100-chalon-sur-saone-france","name":"Chapelle ND de la Citadelle","iso":"FR","city":"","affiliation":"FSSP","venue_type":"chapel","precision":"street","approximate":true,"gate":"provisional_site_pin","source_url":"https://github.com/Fulcanelli13/ad-orientem/blob/main/data/directory/generated/fssp/geo.v1.geojson","source_path":"data/directory/generated/fssp/geo.v1.geojson","coordinate_provider":"OSM_NOMINATIM","additional_sources":[],"coordinate_conflict":false}},{"type":"Feature","geometry":{"type":"Point","coordinates":[4.7659841,46.2712277]},"properties":{"source_id":"ao-fssp-eglise-saint-georges-rue-de-l-eglise-f-71680-vinzelles-france","name":"Eglise Saint-Georges","iso":"FR","city":"","affiliation":"FSSP","venue_type":"church","precision":"street","approximate":true,"gate":"provisional_site_pin","source_url":"https://github.com/Fulcanelli13/ad-orientem/blob/main/data/directory/generated/fssp/geo.v1.geojson","source_path":"data/directory/generated/fssp/geo.v1.geojson","coordinate_provider":"OSM_NOMINATIM","additional_sources":[],"coordinate_conflict":false}},{"type":"Feature","geometry":{"type":"Point","coordinates":[0.1936377,48.0066535]},"properties":{"source_id":"ao-fssp-eglise-saint-benoit-place-saint-benoit-f-72100-le-mans-france","name":"Eglise Saint-Benoît","iso":"FR","city":"","affiliation":"FSSP","venue_type":"church","precision":"street","approximate":true,"gate":"provisional_site_pin","source_url":"https://github.com/Fulcanelli13/ad-orientem/blob/main/data/directory/generated/fssp/geo.v1.geojson","source_path":"data/directory/generated/fssp/geo.v1.geojson","coordinate_provider":"OSM_NOMINATIM","additional_sources":[],"coordinate_conflict":false}},{"type":"Feature","geometry":{"type":"Point","coordinates":[5.920828,45.567308]},"properties":{"source_id":"ao-fssp-eglise-notre-dame-48-rue-macornet-f-73000-chambery-france","name":"Eglise Notre-Dame","iso":"FR","city":"","affiliation":"FSSP","venue_type":"church","precision":"address","approximate":false,"gate":"provisional_site_pin","source_url":"https://github.com/Fulcanelli13/ad-orientem/blob/main/data/directory/generated/fssp/geo.v1.geojson","source_path":"data/directory/generated/fssp/geo.v1.geojson","coordinate_provider":"OSM_NOMINATIM","additional_sources":[],"coordinate_conflict":false}},{"type":"Feature","geometry":{"type":"Point","coordinates":[6.1350204,45.8283507]},"properties":{"source_id":"ao-fssp-chapelle-de-la-bergerie-660-ch-des-gardes-f-74410-saint-jorioz-france","name":"Chapelle de la Bergerie","iso":"FR","city":"","affiliation":"FSSP","venue_type":"chapel","precision":"building","approximate":false,"gate":"provisional_site_pin","source_url":"https://github.com/Fulcanelli13/ad-orientem/blob/main/data/directory/generated/fssp/geo.v1.geojson","source_path":"data/directory/generated/fssp/geo.v1.geojson","coordinate_provider":"OSM_NOMINATIM","additional_sources":[],"coordinate_conflict":false}},{"type":"Feature","geometry":{"type":"Point","coordinates":[6.1047575,45.8861506]},"properties":{"source_id":"ao-fssp-college-sainte-philomene-8-rue-blaise-pascal-f-74600-annecy-france","name":"Collège Sainte Philomène","iso":"FR","city":"","affiliation":"FSSP","venue_type":"other","precision":"building","approximate":false,"gate":"provisional_site_pin","source_url":"https://github.com/Fulcanelli13/ad-orientem/blob/main/data/directory/generated/fssp/geo.v1.geojson","source_path":"data/directory/generated/fssp/geo.v1.geojson","coordinate_provider":"OSM_NOMINATIM","additional_sources":[],"coordinate_conflict":false}},{"type":"Feature","geometry":{"type":"Point","coordinates":[6.1047575,45.8861506]},"properties":{"source_id":"ao-fssp-ecole-sainte-cecile-8-rue-blaise-pascal-f-74600-annecy-france","name":"Ecole Sainte Cécile","iso":"FR","city":"","affiliation":"FSSP","venue_type":"other","precision":"building","approximate":false,"gate":"provisional_site_pin","source_url":"https://github.com/Fulcanelli13/ad-orientem/blob/main/data/directory/generated/fssp/geo.v1.geojson","source_path":"data/directory/generated/fssp/geo.v1.geojson","coordinate_provider":"OSM_NOMINATIM","additional_sources":[],"coordinate_conflict":false}},{"type":"Feature","geometry":{"type":"Point","coordinates":[2.3086977,48.8438363]},"properties":{"source_id":"ao-fssp-chapelle-notre-dame-du-lys-7-rue-blomet-f-75015-paris-france","name":"Chapelle Notre-Dame du Lys","iso":"FR","city":"","affiliation":"FSSP","venue_type":"chapel","precision":"address","approximate":false,"gate":"provisional_site_pin","source_url":"https://github.com/Fulcanelli13/ad-orientem/blob/main/data/directory/generated/fssp/geo.v1.geojson","source_path":"data/directory/generated/fssp/geo.v1.geojson","coordinate_provider":"OSM_NOMINATIM","additional_sources":[],"coordinate_conflict":false}},{"type":"Feature","geometry":{"type":"Point","coordinates":[0.1100711,49.4993285]},"properties":{"source_id":"ao-fssp-chapelle-saint-michel-d-ingouville-rue-saint-michel-f-76600-le-havre-france","name":"Chapelle Saint-Michel d'Ingouville","iso":"FR","city":"","affiliation":"FSSP","venue_type":"chapel","precision":"street","approximate":true,"gate":"provisional_site_pin","source_url":"https://github.com/Fulcanelli13/ad-orientem/blob/main/data/directory/generated/fssp/geo.v1.geojson","source_path":"data/directory/generated/fssp/geo.v1.geojson","coordinate_provider":"OSM_NOMINATIM","additional_sources":[],"coordinate_conflict":false}},{"type":"Feature","geometry":{"type":"Point","coordinates":[2.8819902,48.9688034]},"properties":{"source_id":"ao-fssp-chapelle-du-carmel-112-rue-de-chaage-f-77100-meaux-france","name":"Chapelle du Carmel","iso":"FR","city":"","affiliation":"FSSP","venue_type":"chapel","precision":"address","approximate":false,"gate":"provisional_site_pin","source_url":"https://github.com/Fulcanelli13/ad-orientem/blob/main/data/directory/generated/fssp/geo.v1.geojson","source_path":"data/directory/generated/fssp/geo.v1.geojson","coordinate_provider":"OSM_NOMINATIM","additional_sources":[],"coordinate_conflict":false}},{"type":"Feature","geometry":{"type":"Point","coordinates":[2.1396132,48.8114406]},"properties":{"source_id":"ao-fssp-ecole-et-college-saint-joseph-des-lys-38-rue-remilly-f-78000-versailles-france","name":"Ecole et collège Saint-Joseph-des-Lys","iso":"FR","city":"","affiliation":"FSSP","venue_type":"other","precision":"address","approximate":false,"gate":"provisional_site_pin","source_url":"https://github.com/Fulcanelli13/ad-orientem/blob/main/data/directory/generated/fssp/geo.v1.geojson","source_path":"data/directory/generated/fssp/geo.v1.geojson","coordinate_provider":"OSM_NOMINATIM","additional_sources":[],"coordinate_conflict":false}},{"type":"Feature","geometry":{"type":"Point","coordinates":[2.1222847,48.793781]},"properties":{"source_id":"ao-fssp-chapelle-de-l-immaculee-conception-8-bis-rue-monseigneur-gibier-f-78000-versailles-france","name":"Chapelle de l'Immaculée Conception","iso":"FR","city":"","affiliation":"FSSP","venue_type":"chapel","precision":"address","approximate":false,"gate":"provisional_site_pin","source_url":"https://github.com/Fulcanelli13/ad-orientem/blob/main/data/directory/generated/fssp/geo.v1.geojson","source_path":"data/directory/generated/fssp/geo.v1.geojson","coordinate_provider":"OSM_NOMINATIM","additional_sources":[],"coordinate_conflict":false}},{"type":"Feature","geometry":{"type":"Point","coordinates":[2.1088026,48.8793069]},"properties":{"source_id":"ao-fssp-ecole-sainte-genevieve-1-route-de-versailles-f-78560-le-port-marly-france","name":"Ecole Sainte-Geneviève","iso":"FR","city":"","affiliation":"FSSP","venue_type":"other","precision":"address","approximate":false,"gate":"provisional_site_pin","source_url":"https://github.com/Fulcanelli13/ad-orientem/blob/main/data/directory/generated/fssp/geo.v1.geojson","source_path":"data/directory/generated/fssp/geo.v1.geojson","coordinate_provider":"OSM_NOMINATIM","additional_sources":[],"coordinate_conflict":false}},{"type":"Feature","geometry":{"type":"Point","coordinates":[1.8036965,48.5009371]},"properties":{"source_id":"ao-fssp-la-chapelle-3-chemin-d-ablis-f-78660-prunay-en-yvelines-france","name":"La Chapelle","iso":"FR","city":"","affiliation":"FSSP","venue_type":"chapel","precision":"street","approximate":true,"gate":"provisional_site_pin","source_url":"https://github.com/Fulcanelli13/ad-orientem/blob/main/data/directory/generated/fssp/geo.v1.geojson","source_path":"data/directory/generated/fssp/geo.v1.geojson","coordinate_provider":"OSM_NOMINATIM","additional_sources":[],"coordinate_conflict":false}},{"type":"Feature","geometry":{"type":"Point","coordinates":[1.9283966,48.5099258]},"properties":{"source_id":"ao-fssp-eglise-paroissiale-saint-pierre-et-saint-paul-st-martin-de-brethencourt-f-78660-saint-martin-de-brethencourt-france","name":"Eglise paroissiale Saint-Pierre et Saint-Paul","iso":"FR","city":"","affiliation":"FSSP","venue_type":"church","precision":"building","approximate":false,"gate":"provisional_site_pin","source_url":"https://github.com/Fulcanelli13/ad-orientem/blob/main/data/directory/generated/fssp/geo.v1.geojson","source_path":"data/directory/generated/fssp/geo.v1.geojson","coordinate_provider":"OSM_NOMINATIM","additional_sources":[],"coordinate_conflict":false}},{"type":"Feature","geometry":{"type":"Point","coordinates":[-1.78197,46.496307]},"properties":{"source_id":"ao-fssp-chapelle-du-sacre-c-ur-place-flandrine-de-nassau-f-85100-les-sables-d-olonne-france","name":"Chapelle du Sacré-Cœur","iso":"FR","city":"","affiliation":"FSSP","venue_type":"chapel","precision":"building","approximate":false,"gate":"provisional_site_pin","source_url":"https://github.com/Fulcanelli13/ad-orientem/blob/main/data/directory/generated/fssp/geo.v1.geojson","source_path":"data/directory/generated/fssp/geo.v1.geojson","coordinate_provider":"OSM_NOMINATIM","additional_sources":[],"coordinate_conflict":false}},{"type":"Feature","geometry":{"type":"Point","coordinates":[-1.1145583,46.4835766]},"properties":{"source_id":"ao-fssp-eglise-sainte-gemme-2-rue-de-la-cure-f-85400-sainte-gemme-la-plaine-france","name":"Eglise Sainte-Gemme","iso":"FR","city":"","affiliation":"FSSP","venue_type":"church","precision":"street","approximate":true,"gate":"provisional_site_pin","source_url":"https://github.com/Fulcanelli13/ad-orientem/blob/main/data/directory/generated/fssp/geo.v1.geojson","source_path":"data/directory/generated/fssp/geo.v1.geojson","coordinate_provider":"OSM_NOMINATIM","additional_sources":[],"coordinate_conflict":false}},{"type":"Feature","geometry":{"type":"Point","coordinates":[6.454551,48.147099]},"properties":{"source_id":"ao-fssp-eglise-saint-laurent-3-place-du-souvenir-f-88000-epinal-france","name":"Eglise Saint-Laurent","iso":"FR","city":"","affiliation":"FSSP","venue_type":"church","precision":"address","approximate":false,"gate":"provisional_site_pin","source_url":"https://github.com/Fulcanelli13/ad-orientem/blob/main/data/directory/generated/fssp/geo.v1.geojson","source_path":"data/directory/generated/fssp/geo.v1.geojson","coordinate_provider":"OSM_NOMINATIM","additional_sources":[],"coordinate_conflict":false}},{"type":"Feature","geometry":{"type":"Point","coordinates":[5.6745,48.4682074]},"properties":{"source_id":"ao-fssp-ermitage-notre-dame-de-bermont-chapelle-notre-dame-de-bermont-f-88630-greux-france","name":"Ermitage Notre-Dame de Bermont","iso":"FR","city":"","affiliation":"FSSP","venue_type":"other","precision":"building","approximate":false,"gate":"provisional_site_pin","source_url":"https://github.com/Fulcanelli13/ad-orientem/blob/main/data/directory/generated/fssp/geo.v1.geojson","source_path":"data/directory/generated/fssp/geo.v1.geojson","coordinate_provider":"OSM_NOMINATIM","additional_sources":[],"coordinate_conflict":false}},{"type":"Feature","geometry":{"type":"Point","coordinates":[3.542877,47.853337]},"properties":{"source_id":"ao-fssp-chapelle-notre-dame-de-lorette-4-avenue-du-general-de-gaulle-f-89000-auxerre-france","name":"Chapelle Notre-Dame-de-Lorette","iso":"FR","city":"","affiliation":"FSSP","venue_type":"chapel","precision":"address","approximate":false,"gate":"provisional_site_pin","source_url":"https://github.com/Fulcanelli13/ad-orientem/blob/main/data/directory/generated/fssp/geo.v1.geojson","source_path":"data/directory/generated/fssp/geo.v1.geojson","coordinate_provider":"OSM_NOMINATIM","additional_sources":[],"coordinate_conflict":false}},{"type":"Feature","geometry":{"type":"Point","coordinates":[3.2785832,48.1987581]},"properties":{"source_id":"ao-fssp-eglise-sainte-mathie-boulevard-maupeou-f-89100-sens-france","name":"Eglise Sainte-Mathie","iso":"FR","city":"","affiliation":"FSSP","venue_type":"church","precision":"street","approximate":true,"gate":"provisional_site_pin","source_url":"https://github.com/Fulcanelli13/ad-orientem/blob/main/data/directory/generated/fssp/geo.v1.geojson","source_path":"data/directory/generated/fssp/geo.v1.geojson","coordinate_provider":"OSM_NOMINATIM","additional_sources":[],"coordinate_conflict":false}},{"type":"Feature","geometry":{"type":"Point","coordinates":[6.8575037,47.6449187]},"properties":{"source_id":"ao-fssp-chapelle-notre-dame-de-brasse-8-rue-de-l-egalite-f-90000-belfort-france","name":"Chapelle Notre-Dame de Brasse","iso":"FR","city":"","affiliation":"FSSP","venue_type":"chapel","precision":"building","approximate":false,"gate":"provisional_site_pin","source_url":"https://github.com/Fulcanelli13/ad-orientem/blob/main/data/directory/generated/fssp/geo.v1.geojson","source_path":"data/directory/generated/fssp/geo.v1.geojson","coordinate_provider":"OSM_NOMINATIM","additional_sources":[],"coordinate_conflict":false}},{"type":"Feature","geometry":{"type":"Point","coordinates":[2.3602791,48.668436]},"properties":{"source_id":"ao-fssp-eglise-notre-dame-des-cites-18-avenue-de-marseille-f-91170-viry-chatillon-france","name":"Eglise Notre-Dame des Cités","iso":"FR","city":"","affiliation":"FSSP","venue_type":"church","precision":"street","approximate":true,"gate":"provisional_site_pin","source_url":"https://github.com/Fulcanelli13/ad-orientem/blob/main/data/directory/generated/fssp/geo.v1.geojson","source_path":"data/directory/generated/fssp/geo.v1.geojson","coordinate_provider":"OSM_NOMINATIM","additional_sources":[],"coordinate_conflict":false}},{"type":"Feature","geometry":{"type":"Point","coordinates":[2.261565,48.7823713]},"properties":{"source_id":"ao-fssp-eglise-saint-jean-baptiste-rue-de-la-mairie-f-92350-le-plessis-robinson-france","name":"Eglise Saint-Jean-Baptiste","iso":"FR","city":"","affiliation":"FSSP","venue_type":"church","precision":"street","approximate":true,"gate":"provisional_site_pin","source_url":"https://github.com/Fulcanelli13/ad-orientem/blob/main/data/directory/generated/fssp/geo.v1.geojson","source_path":"data/directory/generated/fssp/geo.v1.geojson","coordinate_provider":"OSM_NOMINATIM","additional_sources":[],"coordinate_conflict":false}},{"type":"Feature","geometry":{"type":"Point","coordinates":[2.4957268,48.8046989]},"properties":{"source_id":"ao-fssp-notre-dame-du-rosaire-place-des-marronniers-f-94100-saint-maur-des-fosses-france","name":"Notre-Dame du Rosaire","iso":"FR","city":"","affiliation":"FSSP","venue_type":"other","precision":"street","approximate":true,"gate":"provisional_site_pin","source_url":"https://github.com/Fulcanelli13/ad-orientem/blob/main/data/directory/generated/fssp/geo.v1.geojson","source_path":"data/directory/generated/fssp/geo.v1.geojson","coordinate_provider":"OSM_NOMINATIM","additional_sources":[],"coordinate_conflict":false}},{"type":"Feature","geometry":{"type":"Point","coordinates":[2.1993189,49.0895124]},"properties":{"source_id":"ao-fssp-eglise-du-c-ur-immacule-de-marie-29-rue-de-la-division-leclerc-f-95430-butry-sur-oise-france","name":"Eglise du Cœur Immaculé de Marie","iso":"FR","city":"","affiliation":"FSSP","venue_type":"church","precision":"street","approximate":true,"gate":"provisional_site_pin","source_url":"https://github.com/Fulcanelli13/ad-orientem/blob/main/data/directory/generated/fssp/geo.v1.geojson","source_path":"data/directory/generated/fssp/geo.v1.geojson","coordinate_provider":"OSM_NOMINATIM","additional_sources":[],"coordinate_conflict":false}},{"type":"Feature","geometry":{"type":"Point","coordinates":[-6.4716296,52.3347442]},"properties":{"source_id":"ao-fssp-st-peter-s-college-chapel-summerhill-road-wexford-co-wexford-irlande","name":"St Peter’s College Chapel","iso":"IE","city":"","affiliation":"FSSP","venue_type":"chapel","precision":"building","approximate":false,"gate":"provisional_site_pin","source_url":"https://github.com/Fulcanelli13/ad-orientem/blob/main/data/directory/generated/fssp/geo.v1.geojson","source_path":"data/directory/generated/fssp/geo.v1.geojson","coordinate_provider":"OSM_NOMINATIM","additional_sources":[],"coordinate_conflict":false}},{"type":"Feature","geometry":{"type":"Point","coordinates":[-7.1104663,52.2574105]},"properties":{"source_id":"ao-fssp-saint-john-s-church-parnell-st-waterford-city-irlande","name":"Saint John's Church","iso":"IE","city":"","affiliation":"FSSP","venue_type":"church","precision":"building","approximate":false,"gate":"provisional_site_pin","source_url":"https://github.com/Fulcanelli13/ad-orientem/blob/main/data/directory/generated/fssp/geo.v1.geojson","source_path":"data/directory/generated/fssp/geo.v1.geojson","coordinate_provider":"OSM_NOMINATIM","additional_sources":[],"coordinate_conflict":false}},{"type":"Feature","geometry":{"type":"Point","coordinates":[12.4728308,41.8937291]},"properties":{"source_id":"ao-fssp-ss-trinita-dei-pellegrini-piazza-della-trinita-dei-pellegrini-i-00186-roma-italia","name":"Ss. Trinità dei Pellegrini","iso":"IT","city":"","affiliation":"FSSP","venue_type":"other","precision":"street","approximate":true,"gate":"provisional_site_pin","source_url":"https://github.com/Fulcanelli13/ad-orientem/blob/main/data/directory/generated/fssp/geo.v1.geojson","source_path":"data/directory/generated/fssp/geo.v1.geojson","coordinate_provider":"OSM_NOMINATIM","additional_sources":[],"coordinate_conflict":false}},{"type":"Feature","geometry":{"type":"Point","coordinates":[11.8763604,45.4064464]},"properties":{"source_id":"ao-fssp-chiesa-di-san-canziano-via-s-canziano-9-i-35100-padova-italia","name":"Chiesa di San Canziano","iso":"IT","city":"","affiliation":"FSSP","venue_type":"other","precision":"address","approximate":false,"gate":"provisional_site_pin","source_url":"https://github.com/Fulcanelli13/ad-orientem/blob/main/data/directory/generated/fssp/geo.v1.geojson","source_path":"data/directory/generated/fssp/geo.v1.geojson","coordinate_provider":"OSM_NOMINATIM","additional_sources":[],"coordinate_conflict":false}},{"type":"Feature","geometry":{"type":"Point","coordinates":[11.5363873,45.5495053]},"properties":{"source_id":"ao-fssp-chiesa-di-san-rocco-contra-mure-s-rocco-28-i-36100-vicenza-italia","name":"Chiesa di San Rocco","iso":"IT","city":"","affiliation":"FSSP","venue_type":"other","precision":"address","approximate":false,"gate":"provisional_site_pin","source_url":"https://github.com/Fulcanelli13/ad-orientem/blob/main/data/directory/generated/fssp/geo.v1.geojson","source_path":"data/directory/generated/fssp/geo.v1.geojson","coordinate_provider":"OSM_NOMINATIM","additional_sources":[],"coordinate_conflict":false}},{"type":"Feature","geometry":{"type":"Point","coordinates":[10.7775135,46.629057]},"properties":{"source_id":"ao-fssp-spitalkirche-zur-heiligsten-dreifaltigkeit-via-ospedale-1-i-39028-schlanders-italia","name":"Spitalkirche zur Heiligsten Dreifaltigkeit","iso":"IT","city":"","affiliation":"FSSP","venue_type":"church","precision":"address","approximate":false,"gate":"provisional_site_pin","source_url":"https://github.com/Fulcanelli13/ad-orientem/blob/main/data/directory/generated/fssp/geo.v1.geojson","source_path":"data/directory/generated/fssp/geo.v1.geojson","coordinate_provider":"OSM_NOMINATIM","additional_sources":[],"coordinate_conflict":false}},{"type":"Feature","geometry":{"type":"Point","coordinates":[12.2796787,46.7335204]},"properties":{"source_id":"ao-fssp-franziskanerkirche-peter-paul-rainer-str-17a-i-39038-innichen-italia","name":"Franziskanerkirche","iso":"IT","city":"","affiliation":"FSSP","venue_type":"church","precision":"address","approximate":false,"gate":"provisional_site_pin","source_url":"https://github.com/Fulcanelli13/ad-orientem/blob/main/data/directory/generated/fssp/geo.v1.geojson","source_path":"data/directory/generated/fssp/geo.v1.geojson","coordinate_provider":"OSM_NOMINATIM","additional_sources":[],"coordinate_conflict":false}},{"type":"Feature","geometry":{"type":"Point","coordinates":[11.6548783,46.7391068]},"properties":{"source_id":"ao-fssp-fssp-sudtirol-seiserleite-78a-i-39040-vahrn-italia","name":"FSSP Südtirol","iso":"IT","city":"","affiliation":"FSSP","venue_type":"other","precision":"address","approximate":false,"gate":"provisional_site_pin","source_url":"https://github.com/Fulcanelli13/ad-orientem/blob/main/data/directory/generated/fssp/geo.v1.geojson","source_path":"data/directory/generated/fssp/geo.v1.geojson","coordinate_provider":"OSM_NOMINATIM","additional_sources":[],"coordinate_conflict":false}},{"type":"Feature","geometry":{"type":"Point","coordinates":[11.6558306,46.7180864]},"properties":{"source_id":"ao-fssp-kirche-herz-jesu-altenmarktgasse-17-i-39042-brixen-italia","name":"Kirche Herz-Jesu","iso":"IT","city":"","affiliation":"FSSP","venue_type":"church","precision":"address","approximate":false,"gate":"provisional_site_pin","source_url":"https://github.com/Fulcanelli13/ad-orientem/blob/main/data/directory/generated/fssp/geo.v1.geojson","source_path":"data/directory/generated/fssp/geo.v1.geojson","coordinate_provider":"OSM_NOMINATIM","additional_sources":[],"coordinate_conflict":false}},{"type":"Feature","geometry":{"type":"Point","coordinates":[-99.1525797,19.4268364]},"properties":{"source_id":"ao-fssp-san-pedrito-del-centro-sagrado-corazon-de-jesus-y-de-san-pedro-apostol-francisco-de-garay-6-colonia-centro-centro-cuauhtemoc-06040-ciudad-de-mexico-mexico","name":"San Pedrito del Centro (Sagrado Corazón de Jesús y de San Pedro Apóstol)","iso":"MX","city":"","affiliation":"FSSP","venue_type":"other","precision":"building","approximate":false,"gate":"provisional_site_pin","source_url":"https://github.com/Fulcanelli13/ad-orientem/blob/main/data/directory/generated/fssp/geo.v1.geojson","source_path":"data/directory/generated/fssp/geo.v1.geojson","coordinate_provider":"OSM_NOMINATIM","additional_sources":[],"coordinate_conflict":false}},{"type":"Feature","geometry":{"type":"Point","coordinates":[6.1220115,51.8598822]},"properties":{"source_id":"ao-fssp-h-maria-onbevlekt-ontvangen-dorpsdijk-51-6915-ac-lobith-nederland","name":"H. Maria Onbevlekt Ontvangen","iso":"NL","city":"","affiliation":"FSSP","venue_type":"other","precision":"address","approximate":false,"gate":"provisional_site_pin","source_url":"https://github.com/Fulcanelli13/ad-orientem/blob/main/data/directory/generated/fssp/geo.v1.geojson","source_path":"data/directory/generated/fssp/geo.v1.geojson","coordinate_provider":"OSM_NOMINATIM","additional_sources":[],"coordinate_conflict":false}},{"type":"Feature","geometry":{"type":"Point","coordinates":[4.8580892,52.3503051]},"properties":{"source_id":"ao-fssp-sint-agneskerk-amstelveenseweg-163-nl-1075-xa-amsterdam-nederland","name":"Sint-Agneskerk","iso":"NL","city":"","affiliation":"FSSP","venue_type":"other","precision":"building","approximate":false,"gate":"provisional_site_pin","source_url":"https://github.com/Fulcanelli13/ad-orientem/blob/main/data/directory/generated/fssp/geo.v1.geojson","source_path":"data/directory/generated/fssp/geo.v1.geojson","coordinate_provider":"OSM_NOMINATIM","additional_sources":[],"coordinate_conflict":false}},{"type":"Feature","geometry":{"type":"Point","coordinates":[174.6586568,-36.9382717]},"properties":{"source_id":"ao-fssp-mount-st-mary-s-4-rangiwai-road-titirangi-0604-auckland-new-zealand","name":"Mount St. Mary’s","iso":"NZ","city":"","affiliation":"FSSP","venue_type":"other","precision":"address","approximate":false,"gate":"provisional_site_pin","source_url":"https://github.com/Fulcanelli13/ad-orientem/blob/main/data/directory/generated/fssp/geo.v1.geojson","source_path":"data/directory/generated/fssp/geo.v1.geojson","coordinate_provider":"OSM_NOMINATIM","additional_sources":[],"coordinate_conflict":false}},{"type":"Feature","geometry":{"type":"Point","coordinates":[174.6447323,-36.8595029]},"properties":{"source_id":"ao-fssp-st-anne-s-chapel-3-cole-pl-te-atatu-south-0610-auckland-new-zealand","name":"St. Anne’s Chapel","iso":"NZ","city":"","affiliation":"FSSP","venue_type":"chapel","precision":"street","approximate":true,"gate":"provisional_site_pin","source_url":"https://github.com/Fulcanelli13/ad-orientem/blob/main/data/directory/generated/fssp/geo.v1.geojson","source_path":"data/directory/generated/fssp/geo.v1.geojson","coordinate_provider":"OSM_NOMINATIM","additional_sources":[],"coordinate_conflict":false}},{"type":"Feature","geometry":{"type":"Point","coordinates":[174.7375717,-36.8528706]},"properties":{"source_id":"ao-fssp-st-paul-s-college-chapel-183-richmond-rd-ponsonby-1021-auckland-new-zealand","name":"St Paul’s College Chapel","iso":"NZ","city":"","affiliation":"FSSP","venue_type":"chapel","precision":"building","approximate":false,"gate":"provisional_site_pin","source_url":"https://github.com/Fulcanelli13/ad-orientem/blob/main/data/directory/generated/fssp/geo.v1.geojson","source_path":"data/directory/generated/fssp/geo.v1.geojson","coordinate_provider":"OSM_NOMINATIM","additional_sources":[],"coordinate_conflict":false}},{"type":"Feature","geometry":{"type":"Point","coordinates":[7.0243016,5.6769512]},"properties":{"source_id":"ao-fssp-nne-enyemaka-shrine-umuaka-p-o-box-605-umuaka-imo-state-nigeria","name":"Nne Enyemaka Shrine Umuaka","iso":"NG","city":"","affiliation":"FSSP","venue_type":"other","precision":"street","approximate":true,"gate":"provisional_site_pin","source_url":"https://github.com/Fulcanelli13/ad-orientem/blob/main/data/directory/generated/fssp/geo.v1.geojson","source_path":"data/directory/generated/fssp/geo.v1.geojson","coordinate_provider":"OSM_NOMINATIM","additional_sources":[],"coordinate_conflict":false}},{"type":"Feature","geometry":{"type":"Point","coordinates":[16.1996736,47.7461904]},"properties":{"source_id":"ao-fssp-vorstadtkirche-st-leopold-wienerstrasse-61-2700-wiener-neustadt-osterreich","name":"Vorstadtkirche St. Leopold","iso":"AT","city":"","affiliation":"FSSP","venue_type":"church","precision":"building","approximate":false,"gate":"provisional_site_pin","source_url":"https://github.com/Fulcanelli13/ad-orientem/blob/main/data/directory/generated/fssp/geo.v1.geojson","source_path":"data/directory/generated/fssp/geo.v1.geojson","coordinate_provider":"OSM_NOMINATIM","additional_sources":[],"coordinate_conflict":false}},{"type":"Feature","geometry":{"type":"Point","coordinates":[15.9670122,47.269828]},"properties":{"source_id":"ao-fssp-wallfahrtskirche-maria-lebing-lindenweg-1-8230-hartberg-osterreich","name":"Wallfahrtskirche Maria Lebing","iso":"AT","city":"","affiliation":"FSSP","venue_type":"church","precision":"building","approximate":false,"gate":"provisional_site_pin","source_url":"https://github.com/Fulcanelli13/ad-orientem/blob/main/data/directory/generated/fssp/geo.v1.geojson","source_path":"data/directory/generated/fssp/geo.v1.geojson","coordinate_provider":"OSM_NOMINATIM","additional_sources":[],"coordinate_conflict":false}},{"type":"Feature","geometry":{"type":"Point","coordinates":[13.4851089,48.5414001]},"properties":{"source_id":"ao-fssp-pfarrkirche-schardenberg-a-4784-schardenberg-osterreich","name":"Pfarrkirche Schardenberg","iso":"AT","city":"","affiliation":"FSSP","venue_type":"church","precision":"street","approximate":true,"gate":"provisional_site_pin","source_url":"https://github.com/Fulcanelli13/ad-orientem/blob/main/data/directory/generated/fssp/geo.v1.geojson","source_path":"data/directory/generated/fssp/geo.v1.geojson","coordinate_provider":"OSM_NOMINATIM","additional_sources":[],"coordinate_conflict":false}},{"type":"Feature","geometry":{"type":"Point","coordinates":[15.0616383,51.1366514]},"properties":{"source_id":"ao-fssp-koscio-pw-swietego-franciszka-z-asyzu-jerzmanki-42-59-900-jerzmanki-polska","name":"Kościół pw. Świętego Franciszka z Asyżu","iso":"PL","city":"","affiliation":"FSSP","venue_type":"other","precision":"building","approximate":false,"gate":"provisional_site_pin","source_url":"https://github.com/Fulcanelli13/ad-orientem/blob/main/data/directory/generated/fssp/geo.v1.geojson","source_path":"data/directory/generated/fssp/geo.v1.geojson","coordinate_provider":"OSM_NOMINATIM","additional_sources":[],"coordinate_conflict":false}},{"type":"Feature","geometry":{"type":"Point","coordinates":[6.6504689,46.5254248]},"properties":{"source_id":"ao-fssp-chapelle-saint-augustin-78-avenue-de-bethusy-ch-1012-lausanne-suisse","name":"Chapelle Saint-Augustin","iso":"CH","city":"","affiliation":"FSSP","venue_type":"chapel","precision":"building","approximate":false,"gate":"provisional_site_pin","source_url":"https://github.com/Fulcanelli13/ad-orientem/blob/main/data/directory/generated/fssp/geo.v1.geojson","source_path":"data/directory/generated/fssp/geo.v1.geojson","coordinate_provider":"OSM_NOMINATIM","additional_sources":[],"coordinate_conflict":false}},{"type":"Feature","geometry":{"type":"Point","coordinates":[6.1378796,46.1906855]},"properties":{"source_id":"ao-fssp-fssp-geneve-rue-du-grand-bureau-15-ch-1227-geneve-suisse","name":"FSSP Genève","iso":"CH","city":"","affiliation":"FSSP","venue_type":"other","precision":"building","approximate":false,"gate":"provisional_site_pin","source_url":"https://github.com/Fulcanelli13/ad-orientem/blob/main/data/directory/generated/fssp/geo.v1.geojson","source_path":"data/directory/generated/fssp/geo.v1.geojson","coordinate_provider":"OSM_NOMINATIM","additional_sources":[],"coordinate_conflict":false}},{"type":"Feature","geometry":{"type":"Point","coordinates":[6.1378796,46.1906855]},"properties":{"source_id":"ao-fssp-paroisse-sainte-claire-15-rue-du-grand-bureau-ch-1227-geneve-les-acacias-suisse","name":"Paroisse Sainte-Claire","iso":"CH","city":"","affiliation":"FSSP","venue_type":"church","precision":"building","approximate":false,"gate":"provisional_site_pin","source_url":"https://github.com/Fulcanelli13/ad-orientem/blob/main/data/directory/generated/fssp/geo.v1.geojson","source_path":"data/directory/generated/fssp/geo.v1.geojson","coordinate_provider":"OSM_NOMINATIM","additional_sources":[],"coordinate_conflict":false}},{"type":"Feature","geometry":{"type":"Point","coordinates":[7.1621355,46.8068735]},"properties":{"source_id":"ao-fssp-basilique-notre-dame-place-de-notre-dame-1-ch-1700-fribourg-suisse","name":"Basilique Notre-Dame","iso":"CH","city":"","affiliation":"FSSP","venue_type":"other","precision":"street","approximate":true,"gate":"provisional_site_pin","source_url":"https://github.com/Fulcanelli13/ad-orientem/blob/main/data/directory/generated/fssp/geo.v1.geojson","source_path":"data/directory/generated/fssp/geo.v1.geojson","coordinate_provider":"OSM_NOMINATIM","additional_sources":[],"coordinate_conflict":false}},{"type":"Feature","geometry":{"type":"Point","coordinates":[6.9638641,47.0097418]},"properties":{"source_id":"ao-fssp-eglise-saint-norbert-rue-de-la-dime-81-ch-2000-neuchatel-suisse","name":"Eglise Saint-Norbert","iso":"CH","city":"","affiliation":"FSSP","venue_type":"church","precision":"building","approximate":false,"gate":"provisional_site_pin","source_url":"https://github.com/Fulcanelli13/ad-orientem/blob/main/data/directory/generated/fssp/geo.v1.geojson","source_path":"data/directory/generated/fssp/geo.v1.geojson","coordinate_provider":"OSM_NOMINATIM","additional_sources":[],"coordinate_conflict":false}},{"type":"Feature","geometry":{"type":"Point","coordinates":[7.5729949,47.5637084]},"properties":{"source_id":"ao-fssp-pfarrkirche-st-anton-kannenfeldstrasse-35-ch-4056-basel-suisse","name":"Pfarrkirche St. Anton","iso":"CH","city":"","affiliation":"FSSP","venue_type":"church","precision":"address","approximate":false,"gate":"provisional_site_pin","source_url":"https://github.com/Fulcanelli13/ad-orientem/blob/main/data/directory/generated/fssp/geo.v1.geojson","source_path":"data/directory/generated/fssp/geo.v1.geojson","coordinate_provider":"OFFICIAL_SOURCE","additional_sources":[],"coordinate_conflict":false}},{"type":"Feature","geometry":{"type":"Point","coordinates":[8.1069825,47.5726236]},"properties":{"source_id":"ao-fssp-bruderklausen-kapelle-kapellenweg-ch-5275-etzgen-suisse","name":"Bruderklausen-Kapelle","iso":"CH","city":"","affiliation":"FSSP","venue_type":"chapel","precision":"street","approximate":true,"gate":"provisional_site_pin","source_url":"https://github.com/Fulcanelli13/ad-orientem/blob/main/data/directory/generated/fssp/geo.v1.geojson","source_path":"data/directory/generated/fssp/geo.v1.geojson","coordinate_provider":"OSM_NOMINATIM","additional_sources":[],"coordinate_conflict":false}},{"type":"Feature","geometry":{"type":"Point","coordinates":[8.3021153,47.4690897]},"properties":{"source_id":"ao-fssp-fssp-baden-am-kreuzliberg-3-ch-5400-baden-suisse","name":"FSSP Baden","iso":"CH","city":"","affiliation":"FSSP","venue_type":"other","precision":"building","approximate":false,"gate":"provisional_site_pin","source_url":"https://github.com/Fulcanelli13/ad-orientem/blob/main/data/directory/generated/fssp/geo.v1.geojson","source_path":"data/directory/generated/fssp/geo.v1.geojson","coordinate_provider":"OSM_NOMINATIM","additional_sources":[],"coordinate_conflict":false}},{"type":"Feature","geometry":{"type":"Point","coordinates":[8.551386,47.4067594]},"properties":{"source_id":"ao-fssp-herz-jesu-kirche-schwamendingenstr-55-ch-8050-zurich-oerlikon-suisse","name":"Herz Jesu Kirche","iso":"CH","city":"","affiliation":"FSSP","venue_type":"church","precision":"building","approximate":false,"gate":"provisional_site_pin","source_url":"https://github.com/Fulcanelli13/ad-orientem/blob/main/data/directory/generated/fssp/geo.v1.geojson","source_path":"data/directory/generated/fssp/geo.v1.geojson","coordinate_provider":"OSM_NOMINATIM","additional_sources":[],"coordinate_conflict":false}},{"type":"Feature","geometry":{"type":"Point","coordinates":[8.5632676,47.3001244]},"properties":{"source_id":"ao-fssp-pfarrei-hl-maximilian-kolbe-ludretikonerstr-3-ch-8800-thalwil-suisse","name":"Pfarrei Hl. Maximilian Kolbe","iso":"CH","city":"","affiliation":"FSSP","venue_type":"other","precision":"address","approximate":false,"gate":"provisional_site_pin","source_url":"https://github.com/Fulcanelli13/ad-orientem/blob/main/data/directory/generated/fssp/geo.v1.geojson","source_path":"data/directory/generated/fssp/geo.v1.geojson","coordinate_provider":"OSM_NOMINATIM","additional_sources":[],"coordinate_conflict":false}},{"type":"Feature","geometry":{"type":"Point","coordinates":[-71.4366892,41.8176487]},"properties":{"source_id":"ao-fssp-church-of-st-mary-538-broadway-providence-ri-02909-usa","name":"Church of St Mary","iso":"US","city":"","affiliation":"FSSP","venue_type":"church","precision":"building","approximate":false,"gate":"provisional_site_pin","source_url":"https://github.com/Fulcanelli13/ad-orientem/blob/main/data/directory/generated/fssp/geo.v1.geojson","source_path":"data/directory/generated/fssp/geo.v1.geojson","coordinate_provider":"OSM_NOMINATIM","additional_sources":[],"coordinate_conflict":false}},{"type":"Feature","geometry":{"type":"Point","coordinates":[-71.4693465,42.7636833]},"properties":{"source_id":"ao-fssp-st-stanislaus-parish-43-franklin-st-nashua-nh-03064-usa","name":"St. Stanislaus Parish","iso":"US","city":"","affiliation":"FSSP","venue_type":"church","precision":"building","approximate":false,"gate":"provisional_site_pin","source_url":"https://github.com/Fulcanelli13/ad-orientem/blob/main/data/directory/generated/fssp/geo.v1.geojson","source_path":"data/directory/generated/fssp/geo.v1.geojson","coordinate_provider":"OSM_NOMINATIM","additional_sources":[],"coordinate_conflict":false}},{"type":"Feature","geometry":{"type":"Point","coordinates":[-74.293239,40.948541]},"properties":{"source_id":"ao-fssp-our-lady-of-fatima-chapel-32-w-franklin-ave-pequannock-nj-07440-usa","name":"Our Lady of Fatima Chapel","iso":"US","city":"","affiliation":"FSSP","venue_type":"chapel","precision":"address","approximate":false,"gate":"provisional_site_pin","source_url":"https://github.com/Fulcanelli13/ad-orientem/blob/main/data/directory/generated/fssp/geo.v1.geojson","source_path":"data/directory/generated/fssp/geo.v1.geojson","coordinate_provider":"OSM_NOMINATIM","additional_sources":[],"coordinate_conflict":false}},{"type":"Feature","geometry":{"type":"Point","coordinates":[-76.8883551,40.26301]},"properties":{"source_id":"ao-fssp-st-lawrence-church-110-state-street-harrisburg-pa-17101-usa","name":"St. Lawrence Church","iso":"US","city":"","affiliation":"FSSP","venue_type":"church","precision":"building","approximate":false,"gate":"provisional_site_pin","source_url":"https://github.com/Fulcanelli13/ad-orientem/blob/main/data/directory/generated/fssp/geo.v1.geojson","source_path":"data/directory/generated/fssp/geo.v1.geojson","coordinate_provider":"OSM_NOMINATIM","additional_sources":[],"coordinate_conflict":false}},{"type":"Feature","geometry":{"type":"Point","coordinates":[-75.3837897,40.6087054]},"properties":{"source_id":"ao-fssp-holy-ghost-parish-417-carlton-ave-bethlehem-pa-18015-usa","name":"Holy Ghost Parish","iso":"US","city":"","affiliation":"FSSP","venue_type":"church","precision":"building","approximate":false,"gate":"provisional_site_pin","source_url":"https://github.com/Fulcanelli13/ad-orientem/blob/main/data/directory/generated/fssp/geo.v1.geojson","source_path":"data/directory/generated/fssp/geo.v1.geojson","coordinate_provider":"OSM_NOMINATIM","additional_sources":[],"coordinate_conflict":false}},{"type":"Feature","geometry":{"type":"Point","coordinates":[-75.6794732,41.4112229]},"properties":{"source_id":"ao-fssp-st-michael-s-parish-949-scranton-st-scranton-pa-18504-usa","name":"St. Michael's Parish","iso":"US","city":"","affiliation":"FSSP","venue_type":"church","precision":"address","approximate":false,"gate":"provisional_site_pin","source_url":"https://github.com/Fulcanelli13/ad-orientem/blob/main/data/directory/generated/fssp/geo.v1.geojson","source_path":"data/directory/generated/fssp/geo.v1.geojson","coordinate_provider":"OSM_NOMINATIM","additional_sources":[],"coordinate_conflict":false}},{"type":"Feature","geometry":{"type":"Point","coordinates":[-75.3023751,40.0730849]},"properties":{"source_id":"ao-fssp-saint-marys-catholic-church-140-w-hector-st-conshohocken-pa-19428-usa","name":"Saint Marys Catholic Church","iso":"US","city":"","affiliation":"FSSP","venue_type":"church","precision":"street","approximate":true,"gate":"provisional_site_pin","source_url":"https://github.com/Fulcanelli13/ad-orientem/blob/main/data/directory/generated/fssp/geo.v1.geojson","source_path":"data/directory/generated/fssp/geo.v1.geojson","coordinate_provider":"OSM_NOMINATIM","additional_sources":[],"coordinate_conflict":false}},{"type":"Feature","geometry":{"type":"Point","coordinates":[-77.5724527,38.694761]},"properties":{"source_id":"ao-fssp-holy-trinity-oratory-renaissance-montessori-school-12625-fitzwater-drive-nokesville-va-20181-usa","name":"Holy Trinity Oratory","iso":"US","city":"","affiliation":"FSSP","venue_type":"oratory","precision":"building","approximate":false,"gate":"provisional_site_pin","source_url":"https://github.com/Fulcanelli13/ad-orientem/blob/main/data/directory/generated/fssp/geo.v1.geojson","source_path":"data/directory/generated/fssp/geo.v1.geojson","coordinate_provider":"OSM_NOMINATIM","additional_sources":[],"coordinate_conflict":false}},{"type":"Feature","geometry":{"type":"Point","coordinates":[-76.6175766,39.2931194]},"properties":{"source_id":"ao-fssp-national-shrine-of-st-alphonsus-liguori-114-w-saratoga-st-baltimore-md-21201-usa","name":"National Shrine of St. Alphonsus Liguori","iso":"US","city":"","affiliation":"FSSP","venue_type":"other","precision":"building","approximate":false,"gate":"provisional_site_pin","source_url":"https://github.com/Fulcanelli13/ad-orientem/blob/main/data/directory/generated/fssp/geo.v1.geojson","source_path":"data/directory/generated/fssp/geo.v1.geojson","coordinate_provider":"OSM_NOMINATIM","additional_sources":[],"coordinate_conflict":false}},{"type":"Feature","geometry":{"type":"Point","coordinates":[-76.2649422,36.7665071]},"properties":{"source_id":"ao-fssp-st-benedict-parish-521-mccosh-dr-chesapeake-va-23320-usa","name":"St. Benedict Parish","iso":"US","city":"","affiliation":"FSSP","venue_type":"church","precision":"building","approximate":false,"gate":"provisional_site_pin","source_url":"https://github.com/Fulcanelli13/ad-orientem/blob/main/data/directory/generated/fssp/geo.v1.geojson","source_path":"data/directory/generated/fssp/geo.v1.geojson","coordinate_provider":"OSM_NOMINATIM","additional_sources":[],"coordinate_conflict":false}},{"type":"Feature","geometry":{"type":"Point","coordinates":[-84.5713994,33.8288709]},"properties":{"source_id":"ao-fssp-st-francis-de-sales-parish-587-landers-drive-mableton-ga-30126-usa","name":"St. Francis de Sales Parish","iso":"US","city":"","affiliation":"FSSP","venue_type":"church","precision":"building","approximate":false,"gate":"provisional_site_pin","source_url":"https://github.com/Fulcanelli13/ad-orientem/blob/main/data/directory/generated/fssp/geo.v1.geojson","source_path":"data/directory/generated/fssp/geo.v1.geojson","coordinate_provider":"OSM_NOMINATIM","additional_sources":[],"coordinate_conflict":false}},{"type":"Feature","geometry":{"type":"Point","coordinates":[-82.529429,27.2664728]},"properties":{"source_id":"ao-fssp-christ-the-king-parish-1900-meadowood-st-sarasota-fl-34231-usa","name":"Christ the King Parish","iso":"US","city":"","affiliation":"FSSP","venue_type":"church","precision":"street","approximate":true,"gate":"provisional_site_pin","source_url":"https://github.com/Fulcanelli13/ad-orientem/blob/main/data/directory/generated/fssp/geo.v1.geojson","source_path":"data/directory/generated/fssp/geo.v1.geojson","coordinate_provider":"OSM_NOMINATIM","additional_sources":[],"coordinate_conflict":false}},{"type":"Feature","geometry":{"type":"Point","coordinates":[-80.707916,41.2360342]},"properties":{"source_id":"ao-fssp-queen-of-the-holy-rosary-parish-291-scoville-dr-vienna-oh-44473-usa","name":"Queen of the Holy Rosary Parish","iso":"US","city":"","affiliation":"FSSP","venue_type":"church","precision":"address","approximate":false,"gate":"provisional_site_pin","source_url":"https://github.com/Fulcanelli13/ad-orientem/blob/main/data/directory/generated/fssp/geo.v1.geojson","source_path":"data/directory/generated/fssp/geo.v1.geojson","coordinate_provider":"OSM_NOMINATIM","additional_sources":[],"coordinate_conflict":false}},{"type":"Feature","geometry":{"type":"Point","coordinates":[-84.1563742,39.7624207]},"properties":{"source_id":"ao-fssp-holy-family-catholic-parish-140-s-findlay-st-dayton-oh-45403-usa","name":"Holy Family Catholic Parish","iso":"US","city":"","affiliation":"FSSP","venue_type":"church","precision":"address","approximate":false,"gate":"provisional_site_pin","source_url":"https://github.com/Fulcanelli13/ad-orientem/blob/main/data/directory/generated/fssp/geo.v1.geojson","source_path":"data/directory/generated/fssp/geo.v1.geojson","coordinate_provider":"OSM_NOMINATIM","additional_sources":[],"coordinate_conflict":false}},{"type":"Feature","geometry":{"type":"Point","coordinates":[-86.2780929,41.6805564]},"properties":{"source_id":"ao-fssp-st-stanislaus-parish-415-north-brookfield-street-south-bend-in-46628-usa","name":"St. Stanislaus Parish","iso":"US","city":"","affiliation":"FSSP","venue_type":"church","precision":"building","approximate":false,"gate":"provisional_site_pin","source_url":"https://github.com/Fulcanelli13/ad-orientem/blob/main/data/directory/generated/fssp/geo.v1.geojson","source_path":"data/directory/generated/fssp/geo.v1.geojson","coordinate_provider":"OSM_NOMINATIM","additional_sources":[],"coordinate_conflict":false}},{"type":"Feature","geometry":{"type":"Point","coordinates":[-85.122282,41.0409884]},"properties":{"source_id":"ao-fssp-sacred-heart-parish-4643-gaywood-dr-fort-wayne-in-46806-usa","name":"Sacred Heart Parish","iso":"US","city":"","affiliation":"FSSP","venue_type":"church","precision":"address","approximate":false,"gate":"provisional_site_pin","source_url":"https://github.com/Fulcanelli13/ad-orientem/blob/main/data/directory/generated/fssp/geo.v1.geojson","source_path":"data/directory/generated/fssp/geo.v1.geojson","coordinate_provider":"OSM_NOMINATIM","additional_sources":[],"coordinate_conflict":false}},{"type":"Feature","geometry":{"type":"Point","coordinates":[-93.2580694,44.9940722]},"properties":{"source_id":"ao-fssp-church-of-all-saints-435-4th-st-ne-minneapolis-mn-55413-usa","name":"Church of All Saints","iso":"US","city":"","affiliation":"FSSP","venue_type":"church","precision":"address","approximate":false,"gate":"provisional_site_pin","source_url":"https://github.com/Fulcanelli13/ad-orientem/blob/main/data/directory/generated/fssp/geo.v1.geojson","source_path":"data/directory/generated/fssp/geo.v1.geojson","coordinate_provider":"OFFICIAL_SOURCE","additional_sources":[],"coordinate_conflict":false}},{"type":"Feature","geometry":{"type":"Point","coordinates":[-103.5027914,44.4131842]},"properties":{"source_id":"ao-fssp-st-martin-s-chapel-1521-sherman-st-sturgis-sd-57785-usa","name":"St. Martin’s Chapel","iso":"US","city":"","affiliation":"FSSP","venue_type":"chapel","precision":"street","approximate":true,"gate":"provisional_site_pin","source_url":"https://github.com/Fulcanelli13/ad-orientem/blob/main/data/directory/generated/fssp/geo.v1.geojson","source_path":"data/directory/generated/fssp/geo.v1.geojson","coordinate_provider":"OSM_NOMINATIM","additional_sources":[],"coordinate_conflict":false}},{"type":"Feature","geometry":{"type":"Point","coordinates":[-88.1449967,41.7753872]},"properties":{"source_id":"ao-fssp-sts-peter-paul-church-36-n-ellsworth-naperville-il-60540-4697-usa","name":"Sts. Peter & Paul Church","iso":"US","city":"","affiliation":"FSSP","venue_type":"church","precision":"address","approximate":false,"gate":"provisional_site_pin","source_url":"https://github.com/Fulcanelli13/ad-orientem/blob/main/data/directory/generated/fssp/geo.v1.geojson","source_path":"data/directory/generated/fssp/geo.v1.geojson","coordinate_provider":"OSM_NOMINATIM","additional_sources":[],"coordinate_conflict":false}},{"type":"Feature","geometry":{"type":"Point","coordinates":[-91.4034904,39.9432855]},"properties":{"source_id":"ao-fssp-st-rose-of-lima-church-1009-north-8th-street-quincy-il-62301-usa","name":"St. Rose of Lima Church","iso":"US","city":"","affiliation":"FSSP","venue_type":"church","precision":"address","approximate":false,"gate":"provisional_site_pin","source_url":"https://github.com/Fulcanelli13/ad-orientem/blob/main/data/directory/generated/fssp/geo.v1.geojson","source_path":"data/directory/generated/fssp/geo.v1.geojson","coordinate_provider":"OSM_NOMINATIM","additional_sources":[],"coordinate_conflict":false}},{"type":"Feature","geometry":{"type":"Point","coordinates":[-94.6112302,39.03631]},"properties":{"source_id":"ao-fssp-st-rose-philippine-duchesne-parish-5035-rainbow-blvd-westwood-ks-66205-usa","name":"St. Rose Philippine Duchesne Parish","iso":"US","city":"","affiliation":"FSSP","venue_type":"church","precision":"building","approximate":false,"gate":"provisional_site_pin","source_url":"https://github.com/Fulcanelli13/ad-orientem/blob/main/data/directory/generated/fssp/geo.v1.geojson","source_path":"data/directory/generated/fssp/geo.v1.geojson","coordinate_provider":"OSM_NOMINATIM","additional_sources":[],"coordinate_conflict":false}},{"type":"Feature","geometry":{"type":"Point","coordinates":[-95.9471392,41.2340741]},"properties":{"source_id":"ao-fssp-immaculate-conception-parish-2708-s-24th-street-omaha-ne-68108-usa","name":"Immaculate Conception Parish","iso":"US","city":"","affiliation":"FSSP","venue_type":"church","precision":"address","approximate":false,"gate":"provisional_site_pin","source_url":"https://github.com/Fulcanelli13/ad-orientem/blob/main/data/directory/generated/fssp/geo.v1.geojson","source_path":"data/directory/generated/fssp/geo.v1.geojson","coordinate_provider":"OSM_NOMINATIM","additional_sources":[],"coordinate_conflict":false}},{"type":"Feature","geometry":{"type":"Point","coordinates":[-96.7039279,40.7912549]},"properties":{"source_id":"ao-fssp-st-francis-of-assisi-church-1145-south-st-lincoln-ne-68502-usa","name":"St. Francis of Assisi Church","iso":"US","city":"","affiliation":"FSSP","venue_type":"church","precision":"building","approximate":false,"gate":"provisional_site_pin","source_url":"https://github.com/Fulcanelli13/ad-orientem/blob/main/data/directory/generated/fssp/geo.v1.geojson","source_path":"data/directory/generated/fssp/geo.v1.geojson","coordinate_provider":"OSM_NOMINATIM","additional_sources":[],"coordinate_conflict":false}},{"type":"Feature","geometry":{"type":"Point","coordinates":[-92.0377576,34.9781548]},"properties":{"source_id":"ao-fssp-st-john-the-baptist-parish-p-o-box-1288-cabot-ar-72023-usa","name":"St. John the Baptist Parish","iso":"US","city":"","affiliation":"FSSP","venue_type":"church","precision":"building","approximate":false,"gate":"provisional_site_pin","source_url":"https://github.com/Fulcanelli13/ad-orientem/blob/main/data/directory/generated/fssp/geo.v1.geojson","source_path":"data/directory/generated/fssp/geo.v1.geojson","coordinate_provider":"OSM_NOMINATIM","additional_sources":[],"coordinate_conflict":false}},{"type":"Feature","geometry":{"type":"Point","coordinates":[-94.147333,36.2298275]},"properties":{"source_id":"ao-fssp-our-lady-of-sorrows-parish-1600-w-graham-rd-springdale-ar-72762-usa","name":"Our Lady of Sorrows Parish","iso":"US","city":"","affiliation":"FSSP","venue_type":"church","precision":"building","approximate":false,"gate":"provisional_site_pin","source_url":"https://github.com/Fulcanelli13/ad-orientem/blob/main/data/directory/generated/fssp/geo.v1.geojson","source_path":"data/directory/generated/fssp/geo.v1.geojson","coordinate_provider":"OSM_NOMINATIM","additional_sources":[],"coordinate_conflict":false}},{"type":"Feature","geometry":{"type":"Point","coordinates":[-96.0564079,36.0917717]},"properties":{"source_id":"ao-fssp-most-precious-blood-parish-3029-south-57th-w-ave-tulsa-ok-74107-usa","name":"Most Precious Blood Parish","iso":"US","city":"","affiliation":"FSSP","venue_type":"church","precision":"street","approximate":true,"gate":"provisional_site_pin","source_url":"https://github.com/Fulcanelli13/ad-orientem/blob/main/data/directory/generated/fssp/geo.v1.geojson","source_path":"data/directory/generated/fssp/geo.v1.geojson","coordinate_provider":"OSM_NOMINATIM","additional_sources":[],"coordinate_conflict":false}},{"type":"Feature","geometry":{"type":"Point","coordinates":[-95.4159375,32.3850625]},"properties":{"source_id":"ao-fssp-st-joseph-the-worker-parish-14927-county-rd-1151-rozell-rd-tyler-tx-75704-usa","name":"St. Joseph the Worker Parish","iso":"US","city":"","affiliation":"FSSP","venue_type":"church","precision":"address","approximate":false,"gate":"provisional_site_pin","source_url":"https://github.com/Fulcanelli13/ad-orientem/blob/main/data/directory/generated/fssp/geo.v1.geojson","source_path":"data/directory/generated/fssp/geo.v1.geojson","coordinate_provider":"OFFICIAL_SOURCE","additional_sources":[],"coordinate_conflict":false}},{"type":"Feature","geometry":{"type":"Point","coordinates":[-97.3818474,32.8012945]},"properties":{"source_id":"ao-fssp-st-benedict-s-parish-2920-azle-ave-fort-worth-tx-76106-usa","name":"St. Benedict's Parish","iso":"US","city":"","affiliation":"FSSP","venue_type":"church","precision":"building","approximate":false,"gate":"provisional_site_pin","source_url":"https://github.com/Fulcanelli13/ad-orientem/blob/main/data/directory/generated/fssp/geo.v1.geojson","source_path":"data/directory/generated/fssp/geo.v1.geojson","coordinate_provider":"OSM_NOMINATIM","additional_sources":[],"coordinate_conflict":false}},{"type":"Feature","geometry":{"type":"Point","coordinates":[-106.483632,31.7597646]},"properties":{"source_id":"ao-fssp-immaculate-conception-church-118-n-campbell-st-el-paso-tx-79901-usa","name":"Immaculate Conception Church","iso":"US","city":"","affiliation":"FSSP","venue_type":"church","precision":"building","approximate":false,"gate":"provisional_site_pin","source_url":"https://github.com/Fulcanelli13/ad-orientem/blob/main/data/directory/generated/fssp/geo.v1.geojson","source_path":"data/directory/generated/fssp/geo.v1.geojson","coordinate_provider":"OSM_NOMINATIM","additional_sources":[],"coordinate_conflict":false}},{"type":"Feature","geometry":{"type":"Point","coordinates":[-105.0021055,39.6021415]},"properties":{"source_id":"ao-fssp-carmel-of-the-holy-spirit-monastery-6318-s-gallup-st-littleton-co-80120-usa","name":"Carmel of the Holy Spirit Monastery","iso":"US","city":"","affiliation":"FSSP","venue_type":"monastery","precision":"address","approximate":false,"gate":"provisional_site_pin","source_url":"https://github.com/Fulcanelli13/ad-orientem/blob/main/data/directory/generated/fssp/geo.v1.geojson","source_path":"data/directory/generated/fssp/geo.v1.geojson","coordinate_provider":"OSM_NOMINATIM","additional_sources":[],"coordinate_conflict":false}},{"type":"Feature","geometry":{"type":"Point","coordinates":[-116.8850077,47.7289864]},"properties":{"source_id":"ao-fssp-st-joan-of-arc-parish-4772-e-poleline-ave-post-falls-id-83854-usa","name":"St. Joan of Arc Parish","iso":"US","city":"","affiliation":"FSSP","venue_type":"church","precision":"building","approximate":false,"gate":"provisional_site_pin","source_url":"https://github.com/Fulcanelli13/ad-orientem/blob/main/data/directory/generated/fssp/geo.v1.geojson","source_path":"data/directory/generated/fssp/geo.v1.geojson","coordinate_provider":"OSM_NOMINATIM","additional_sources":[],"coordinate_conflict":false}},{"type":"Feature","geometry":{"type":"Point","coordinates":[-112.0934006,33.4500409]},"properties":{"source_id":"ao-fssp-mater-misericordiae-parish-1537-w-monroe-st-ph-nix-az-85007-usa","name":"Mater Misericordiae Parish","iso":"US","city":"","affiliation":"FSSP","venue_type":"church","precision":"building","approximate":false,"gate":"provisional_site_pin","source_url":"https://github.com/Fulcanelli13/ad-orientem/blob/main/data/directory/generated/fssp/geo.v1.geojson","source_path":"data/directory/generated/fssp/geo.v1.geojson","coordinate_provider":"OSM_NOMINATIM","additional_sources":[],"coordinate_conflict":false}},{"type":"Feature","geometry":{"type":"Point","coordinates":[-111.986136,33.3932945]},"properties":{"source_id":"ao-fssp-st-edward-the-confessor-catholic-church-4410-e-southern-ave-phoenix-az-85042-usa","name":"St. Edward the Confessor Catholic Church","iso":"US","city":"","affiliation":"FSSP","venue_type":"church","precision":"building","approximate":false,"gate":"provisional_site_pin","source_url":"https://github.com/Fulcanelli13/ad-orientem/blob/main/data/directory/generated/fssp/geo.v1.geojson","source_path":"data/directory/generated/fssp/geo.v1.geojson","coordinate_provider":"OSM_NOMINATIM","additional_sources":[],"coordinate_conflict":false}},{"type":"Feature","geometry":{"type":"Point","coordinates":[-118.5198066,34.2470222]},"properties":{"source_id":"ao-fssp-st-vitus-catholic-church-9710-white-oak-ave-northridge-ca-91325-usa","name":"St. Vitus Catholic Church","iso":"US","city":"","affiliation":"FSSP","venue_type":"church","precision":"address","approximate":false,"gate":"provisional_site_pin","source_url":"https://github.com/Fulcanelli13/ad-orientem/blob/main/data/directory/generated/fssp/geo.v1.geojson","source_path":"data/directory/generated/fssp/geo.v1.geojson","coordinate_provider":"OSM_NOMINATIM","additional_sources":[],"coordinate_conflict":false}},{"type":"Feature","geometry":{"type":"Point","coordinates":[-117.1353936,32.6990159]},"properties":{"source_id":"ao-fssp-st-anne-s-parish-2337-irving-ave-san-diego-ca-92113-usa","name":"St. Anne's Parish","iso":"US","city":"","affiliation":"FSSP","venue_type":"church","precision":"building","approximate":false,"gate":"provisional_site_pin","source_url":"https://github.com/Fulcanelli13/ad-orientem/blob/main/data/directory/generated/fssp/geo.v1.geojson","source_path":"data/directory/generated/fssp/geo.v1.geojson","coordinate_provider":"OSM_NOMINATIM","additional_sources":[],"coordinate_conflict":false}},{"type":"Feature","geometry":{"type":"Point","coordinates":[-119.0360538,34.2161241]},"properties":{"source_id":"ao-fssp-st-mary-magdalen-chapel-2532-ventura-blvd-camarillo-ca-93010-usa","name":"St. Mary Magdalen Chapel","iso":"US","city":"","affiliation":"FSSP","venue_type":"chapel","precision":"address","approximate":false,"gate":"provisional_site_pin","source_url":"https://github.com/Fulcanelli13/ad-orientem/blob/main/data/directory/generated/fssp/geo.v1.geojson","source_path":"data/directory/generated/fssp/geo.v1.geojson","coordinate_provider":"OSM_NOMINATIM","additional_sources":[],"coordinate_conflict":false}},{"type":"Feature","geometry":{"type":"Point","coordinates":[-119.794961,36.820869]},"properties":{"source_id":"ao-fssp-fssp-fresno-5693-n-del-mar-ave-fresno-ca-93704-usa","name":"FSSP Fresno","iso":"US","city":"","affiliation":"FSSP","venue_type":"other","precision":"address","approximate":false,"gate":"provisional_site_pin","source_url":"https://github.com/Fulcanelli13/ad-orientem/blob/main/data/directory/generated/fssp/geo.v1.geojson","source_path":"data/directory/generated/fssp/geo.v1.geojson","coordinate_provider":"OSM_NOMINATIM","additional_sources":[],"coordinate_conflict":false}},{"type":"Feature","geometry":{"type":"Point","coordinates":[-119.7986157,36.8222651]},"properties":{"source_id":"ao-fssp-holy-cross-chaplaincy-st-anthony-of-padua-church-5770-n-maroa-fresno-ca-93704-usa","name":"Holy Cross Chaplaincy","iso":"US","city":"","affiliation":"FSSP","venue_type":"other","precision":"building","approximate":false,"gate":"provisional_site_pin","source_url":"https://github.com/Fulcanelli13/ad-orientem/blob/main/data/directory/generated/fssp/geo.v1.geojson","source_path":"data/directory/generated/fssp/geo.v1.geojson","coordinate_provider":"OSM_NOMINATIM","additional_sources":[],"coordinate_conflict":false}},{"type":"Feature","geometry":{"type":"Point","coordinates":[-121.4555469,38.5262739]},"properties":{"source_id":"ao-fssp-st-stephen-the-first-martyr-parish-5461-44th-st-sacramento-ca-95820-usa","name":"St. Stephen the First Martyr Parish","iso":"US","city":"","affiliation":"FSSP","venue_type":"church","precision":"address","approximate":false,"gate":"provisional_site_pin","source_url":"https://github.com/Fulcanelli13/ad-orientem/blob/main/data/directory/generated/fssp/geo.v1.geojson","source_path":"data/directory/generated/fssp/geo.v1.geojson","coordinate_provider":"OFFICIAL_SOURCE","additional_sources":[],"coordinate_conflict":false}},{"type":"Feature","geometry":{"type":"Point","coordinates":[-122.3661957,47.7883784]},"properties":{"source_id":"ao-fssp-north-american-martyrs-parish-9924-232nd-st-sw-edmonds-wa-98020-usa","name":"North American Martyrs Parish","iso":"US","city":"","affiliation":"FSSP","venue_type":"church","precision":"building","approximate":false,"gate":"provisional_site_pin","source_url":"https://github.com/Fulcanelli13/ad-orientem/blob/main/data/directory/generated/fssp/geo.v1.geojson","source_path":"data/directory/generated/fssp/geo.v1.geojson","coordinate_provider":"OSM_NOMINATIM","additional_sources":[],"coordinate_conflict":false}},{"type":"Feature","geometry":{"type":"Point","coordinates":[-122.4397087,47.2293217]},"properties":{"source_id":"ao-fssp-st-joseph-parish-602-s-34th-street-tacoma-wa-98418-6820-usa","name":"St. Joseph Parish","iso":"US","city":"","affiliation":"FSSP","venue_type":"church","precision":"building","approximate":false,"gate":"provisional_site_pin","source_url":"https://github.com/Fulcanelli13/ad-orientem/blob/main/data/directory/generated/fssp/geo.v1.geojson","source_path":"data/directory/generated/fssp/geo.v1.geojson","coordinate_provider":"OSM_NOMINATIM","additional_sources":[],"coordinate_conflict":false}},{"type":"Feature","geometry":{"type":"Point","coordinates":[-0.5709931,44.8353212]},"properties":{"source_id":"ao-ibp-bordeaux-1-rue-saint-eloi-33000-bordeaux-cure-m-l-abbe-gregory-lutz-wiest-vicaire-m-l-abbe-yvain-cartier-collaborateur-m-l-abbe-vilhelm-torbiorn-contact-curesainteloi-glw-fr-07-86-07-28-00-1","name":"Bordeaux","iso":"FR","city":"Bordeaux","affiliation":"IBP","venue_type":"other","precision":"street","approximate":true,"gate":"provisional_site_pin","source_url":"https://github.com/Fulcanelli13/ad-orientem/blob/main/data/directory/generated/ibp/geo.v1.geojson","source_path":"data/directory/generated/ibp/geo.v1.geojson","coordinate_provider":"OSM_NOMINATIM","additional_sources":[],"coordinate_conflict":false}},{"type":"Feature","geometry":{"type":"Point","coordinates":[5.3689769,43.3001874]},"properties":{"source_id":"ao-ibp-marseille-1-rue-du-bon-jesus-13002-marseille-2","name":"Marseille","iso":"FR","city":"Marseille","affiliation":"IBP","venue_type":"other","precision":"street","approximate":true,"gate":"provisional_site_pin","source_url":"https://github.com/Fulcanelli13/ad-orientem/blob/main/data/directory/generated/ibp/geo.v1.geojson","source_path":"data/directory/generated/ibp/geo.v1.geojson","coordinate_provider":"OSM_NOMINATIM","additional_sources":[],"coordinate_conflict":false}},{"type":"Feature","geometry":{"type":"Point","coordinates":[0.9809819,48.5213524]},"properties":{"source_id":"ao-ibp-manou-1-rue-du-chateau-28240-manou-chapelain-m-l-abbe-maximilian-eynaud-contact-0-7-62-72-34-72-autres-lieux-d-apostolat-en-france-paris-bordeaux-marseille-courtalain-montmirail-les-chapelles-bourbon-retour-a-la-liste-de-nos-implantations-2026-institut-du-bon-pasteur-tous-droits-reserves-contactez-nous-mentions-legales-shopping-basket-nous-utilisons-des-cookies-dans-le-respect-de-votre-vie-privee-pour-ameliorer-votre-experience-de-navigation-et-analyser-notre-trafic-en-cliquant-sur-accepter-vous-consentez-a-notre-utilisation-des-cookies-accepter-et-fermer-continuer-sans-accepter-revoquer-les-cookies-4","name":"Manou","iso":"FR","city":"Manou","affiliation":"IBP","venue_type":"other","precision":"street","approximate":true,"gate":"provisional_site_pin","source_url":"https://github.com/Fulcanelli13/ad-orientem/blob/main/data/directory/generated/ibp/geo.v1.geojson","source_path":"data/directory/generated/ibp/geo.v1.geojson","coordinate_provider":"OSM_NOMINATIM","additional_sources":[],"coordinate_conflict":false}},{"type":"Feature","geometry":{"type":"Point","coordinates":[0.7911517,48.1031408]},"properties":{"source_id":"ao-ibp-montmirail-place-de-l-eglise-72320-montmirail-chapelain-m-l-abbe-eryc-dos-santos-autres-lieux-d-apostolat-en-france-paris-bordeaux-marseille-courtalain-manou-les-chapelles-bourbon-retour-a-la-liste-de-nos-implantations-2026-institut-du-bon-pasteur-tous-droits-reserves-contactez-nous-mentions-legales-shopping-basket-nous-utilisons-des-cookies-dans-le-respect-de-votre-vie-privee-pour-ameliorer-votre-experience-de-navigation-et-analyser-notre-trafic-en-cliquant-sur-accepter-vous-consentez-a-notre-utilisation-des-cookies-accepter-et-fermer-continuer-sans-accepter-revoquer-les-cookies-5","name":"Montmirail","iso":"FR","city":"Montmirail","affiliation":"IBP","venue_type":"other","precision":"street","approximate":true,"gate":"provisional_site_pin","source_url":"https://github.com/Fulcanelli13/ad-orientem/blob/main/data/directory/generated/ibp/geo.v1.geojson","source_path":"data/directory/generated/ibp/geo.v1.geojson","coordinate_provider":"OSM_NOMINATIM","additional_sources":[],"coordinate_conflict":false}},{"type":"Feature","geometry":{"type":"Point","coordinates":[2.8336074,48.7678236]},"properties":{"source_id":"ao-ibp-neufmoutiers-en-brie-1-rue-de-l-eglise-77610-neufmoutiers-en-brie-chapelain-m-l-abbe-marin-cottard-contact-07-70-18-62-77-marin-cottard-yahoo-fr-autres-lieux-d-apostolat-en-france-paris-bordeaux-marseille-courtalain-manou-montmirail-retour-a-la-liste-de-nos-implantations-2026-institut-du-bon-pasteur-tous-droits-reserves-contactez-nous-mentions-legales-shopping-basket-nous-utilisons-des-cookies-dans-le-respect-de-votre-vie-privee-pour-ameliorer-votre-experience-de-navigation-et-analyser-notre-trafic-en-cliquant-sur-accepter-vous-consentez-a-notre-utilisation-des-cookies-accepter-et-fermer-continuer-sans-accepter-revoquer-les-cookies-6","name":"Neufmoutiers-en-Brie","iso":"FR","city":"Neufmoutiers-en-Brie","affiliation":"IBP","venue_type":"other","precision":"street","approximate":true,"gate":"provisional_site_pin","source_url":"https://github.com/Fulcanelli13/ad-orientem/blob/main/data/directory/generated/ibp/geo.v1.geojson","source_path":"data/directory/generated/ibp/geo.v1.geojson","coordinate_provider":"OSM_NOMINATIM","additional_sources":[],"coordinate_conflict":false}},{"type":"Feature","geometry":{"type":"Point","coordinates":[0.9194405,45.4159709]},"properties":{"source_id":"ao-ibp-thiviers-https-www-institutdubonpasteur-org-nos-apostolats-lieux-dapostolat-dans-le-monde-7","name":"Thiviers","iso":"FR","city":"Thiviers","affiliation":"IBP","venue_type":"other","precision":"building","approximate":false,"gate":"provisional_site_pin","source_url":"https://github.com/Fulcanelli13/ad-orientem/blob/main/data/directory/generated/ibp/geo.v1.geojson","source_path":"data/directory/generated/ibp/geo.v1.geojson","coordinate_provider":"OSM_NOMINATIM","additional_sources":[],"coordinate_conflict":false}},{"type":"Feature","geometry":{"type":"Point","coordinates":[3.410832,49.3457899]},"properties":{"source_id":"ao-ibp-acy-rue-du-chauffour-02200-acy-chapelain-m-l-abbe-cristian-nivia-0-7-48-14-16-19-autres-lieux-d-apostolat-en-france-paris-bordeaux-marseille-courtalain-manou-les-chapelles-bourbon-retour-a-la-liste-de-nos-implantations-2026-institut-du-bon-pasteur-tous-droits-reserves-contactez-nous-mentions-legales-shopping-basket-nous-utilisons-des-cookies-dans-le-respect-de-votre-vie-privee-pour-ameliorer-votre-experience-de-navigation-et-analyser-notre-trafic-en-cliquant-sur-accepter-vous-consentez-a-notre-utilisation-des-cookies-accepter-et-fermer-continuer-sans-accepter-revoquer-les-cookies-8","name":"Acy","iso":"FR","city":"Acy","affiliation":"IBP","venue_type":"other","precision":"street","approximate":true,"gate":"provisional_site_pin","source_url":"https://github.com/Fulcanelli13/ad-orientem/blob/main/data/directory/generated/ibp/geo.v1.geojson","source_path":"data/directory/generated/ibp/geo.v1.geojson","coordinate_provider":"OSM_NOMINATIM","additional_sources":[],"coordinate_conflict":false}},{"type":"Feature","geometry":{"type":"Point","coordinates":[19.109134,50.8127402]},"properties":{"source_id":"ao-ibp-czestochowa-al-najswietszej-maryi-panny-56-42-200-czestochowa-polska-13","name":"Częstochowa","iso":"PL","city":"Częstochowa","affiliation":"IBP","venue_type":"other","precision":"building","approximate":false,"gate":"provisional_site_pin","source_url":"https://github.com/Fulcanelli13/ad-orientem/blob/main/data/directory/generated/ibp/geo.v1.geojson","source_path":"data/directory/generated/ibp/geo.v1.geojson","coordinate_provider":"OSM_NOMINATIM","additional_sources":[],"coordinate_conflict":false}},{"type":"Feature","geometry":{"type":"Point","coordinates":[-9.1340444,38.7087877]},"properties":{"source_id":"ao-ibp-lisbonne-rua-da-alfandega-108-1100-585-lisboa-maison-canonique-casa-de-santo-antonio-rua-de-santo-antonio-a-belem-16-1-o-1400-338-lisboa-18","name":"Lisbonne","iso":"PT","city":"Lisbonne","affiliation":"IBP","venue_type":"other","precision":"address","approximate":false,"gate":"provisional_site_pin","source_url":"https://github.com/Fulcanelli13/ad-orientem/blob/main/data/directory/generated/ibp/geo.v1.geojson","source_path":"data/directory/generated/ibp/geo.v1.geojson","coordinate_provider":"OSM_NOMINATIM","additional_sources":[],"coordinate_conflict":false}},{"type":"Feature","geometry":{"type":"Point","coordinates":[-7.3606487,38.5682451]},"properties":{"source_id":"ao-ibp-ferreira-de-capelins-https-www-institutdubonpasteur-org-nos-apostolats-lieux-dapostolat-dans-le-monde-19","name":"Ferreira de Capelins","iso":"PT","city":"Ferreira de Capelins","affiliation":"IBP","venue_type":"other","precision":"street","approximate":true,"gate":"provisional_site_pin","source_url":"https://github.com/Fulcanelli13/ad-orientem/blob/main/data/directory/generated/ibp/geo.v1.geojson","source_path":"data/directory/generated/ibp/geo.v1.geojson","coordinate_provider":"OSM_NOMINATIM","additional_sources":[],"coordinate_conflict":false}},{"type":"Feature","geometry":{"type":"Point","coordinates":[-49.2684924,-25.4543432]},"properties":{"source_id":"ao-ibp-curitiba-rua-lamenha-lins-2115-reboucas-curitiba-pr-maison-canonique-rua-nunes-machado-2040-curitiba-pr-22","name":"Curitiba","iso":"BR","city":"Curitiba","affiliation":"IBP","venue_type":"other","precision":"address","approximate":false,"gate":"provisional_site_pin","source_url":"https://github.com/Fulcanelli13/ad-orientem/blob/main/data/directory/generated/ibp/geo.v1.geojson","source_path":"data/directory/generated/ibp/geo.v1.geojson","coordinate_provider":"OSM_NOMINATIM","additional_sources":[],"coordinate_conflict":false}},{"type":"Feature","geometry":{"type":"Point","coordinates":[-72.3764309,42.7693473]},"properties":{"source_id":"ao-ibp-winchester-80-richmond-rd-winchester-nh-03470-pretre-responsable-m-l-abbe-hugues-beaugrand-29","name":"Winchester","iso":"US","city":"Winchester","affiliation":"IBP","venue_type":"other","precision":"address","approximate":false,"gate":"provisional_site_pin","source_url":"https://github.com/Fulcanelli13/ad-orientem/blob/main/data/directory/generated/ibp/geo.v1.geojson","source_path":"data/directory/generated/ibp/geo.v1.geojson","coordinate_provider":"OSM_NOMINATIM","additional_sources":[],"coordinate_conflict":false}},{"type":"Feature","geometry":{"type":"Point","coordinates":[-73.0452011,41.5425024]},"properties":{"source_id":"ao-icksp-st-patrick-parish-and-oratory-50-charles-street-waterbury-ct-06708-2","name":"St. Patrick Parish and Oratory","iso":"US","city":"","affiliation":"ICKSP","venue_type":"oratory","precision":"address","approximate":false,"gate":"provisional_site_pin","source_url":"https://github.com/Fulcanelli13/ad-orientem/blob/main/data/directory/generated/icksp/geo.v1.geojson","source_path":"data/directory/generated/icksp/geo.v1.geojson","coordinate_provider":"OSM_NOMINATIM","additional_sources":[],"coordinate_conflict":false}},{"type":"Feature","geometry":{"type":"Point","coordinates":[-82.4324007,28.0034414]},"properties":{"source_id":"ao-icksp-epiphany-of-our-lord-shrine-church-address-2510-east-hanna-ave-tampa-fl-33610-3","name":"Epiphany of Our Lord Shrine","iso":"US","city":"","affiliation":"ICKSP","venue_type":"church","precision":"address","approximate":false,"gate":"provisional_site_pin","source_url":"https://github.com/Fulcanelli13/ad-orientem/blob/main/data/directory/generated/icksp/geo.v1.geojson","source_path":"data/directory/generated/icksp/geo.v1.geojson","coordinate_provider":"OSM_NOMINATIM","additional_sources":[],"coordinate_conflict":false}},{"type":"Feature","geometry":{"type":"Point","coordinates":[-90.1881237,38.5701512]},"properties":{"source_id":"ao-icksp-holy-family-log-church-116-church-street-cahokia-illinois-62206-please-direct-correspondence-to-the-institute-s-oratory-in-st-louis-missouri-4","name":"Holy Family Log Church","iso":"US","city":"","affiliation":"ICKSP","venue_type":"church","precision":"building","approximate":false,"gate":"provisional_site_pin","source_url":"https://github.com/Fulcanelli13/ad-orientem/blob/main/data/directory/generated/icksp/geo.v1.geojson","source_path":"data/directory/generated/icksp/geo.v1.geojson","coordinate_provider":"OSM_NOMINATIM","additional_sources":[],"coordinate_conflict":false}},{"type":"Feature","geometry":{"type":"Point","coordinates":[-89.0984421,42.2720574]},"properties":{"source_id":"ao-icksp-st-mary-oratory-517-elm-st-rockford-il-61102-6","name":"St. Mary Oratory","iso":"US","city":"","affiliation":"ICKSP","venue_type":"oratory","precision":"building","approximate":false,"gate":"provisional_site_pin","source_url":"https://github.com/Fulcanelli13/ad-orientem/blob/main/data/directory/generated/icksp/geo.v1.geojson","source_path":"data/directory/generated/icksp/geo.v1.geojson","coordinate_provider":"OSM_NOMINATIM","additional_sources":[],"coordinate_conflict":false}},{"type":"Feature","geometry":{"type":"Point","coordinates":[-93.3768603,30.2318623]},"properties":{"source_id":"ao-icksp-st-francis-de-sales-oratory-802-s-huntington-sulphur-la-70663-8","name":"St. Francis de Sales Oratory","iso":"US","city":"","affiliation":"ICKSP","venue_type":"oratory","precision":"building","approximate":false,"gate":"provisional_site_pin","source_url":"https://github.com/Fulcanelli13/ad-orientem/blob/main/data/directory/generated/icksp/geo.v1.geojson","source_path":"data/directory/generated/icksp/geo.v1.geojson","coordinate_provider":"OSM_NOMINATIM","additional_sources":[],"coordinate_conflict":false}},{"type":"Feature","geometry":{"type":"Point","coordinates":[-72.1849048,42.2148698]},"properties":{"source_id":"ao-icksp-st-paul-oratory-1060-main-st-warren-ma-01083-9","name":"St. Paul Oratory","iso":"US","city":"","affiliation":"ICKSP","venue_type":"oratory","precision":"street","approximate":true,"gate":"provisional_site_pin","source_url":"https://github.com/Fulcanelli13/ad-orientem/blob/main/data/directory/generated/icksp/geo.v1.geojson","source_path":"data/directory/generated/icksp/geo.v1.geojson","coordinate_provider":"OSM_NOMINATIM","additional_sources":[],"coordinate_conflict":false}},{"type":"Feature","geometry":{"type":"Point","coordinates":[-94.5763676,39.1041475]},"properties":{"source_id":"ao-icksp-old-st-patrick-oratory-old-st-patrick-oratory-806-cherry-street-kansas-city-10","name":"Old St. Patrick Oratory","iso":"US","city":"","affiliation":"ICKSP","venue_type":"oratory","precision":"building","approximate":false,"gate":"provisional_site_pin","source_url":"https://github.com/Fulcanelli13/ad-orientem/blob/main/data/directory/generated/icksp/geo.v1.geojson","source_path":"data/directory/generated/icksp/geo.v1.geojson","coordinate_provider":"OSM_NOMINATIM","additional_sources":[],"coordinate_conflict":false}},{"type":"Feature","geometry":{"type":"Point","coordinates":[-90.2262096,38.6041963]},"properties":{"source_id":"ao-icksp-st-francis-de-sales-oratory-2653-ohio-avenue-st-louis-missouri-63118-11","name":"St. Francis de Sales Oratory","iso":"US","city":"","affiliation":"ICKSP","venue_type":"oratory","precision":"building","approximate":false,"gate":"provisional_site_pin","source_url":"https://github.com/Fulcanelli13/ad-orientem/blob/main/data/directory/generated/icksp/geo.v1.geojson","source_path":"data/directory/generated/icksp/geo.v1.geojson","coordinate_provider":"OSM_NOMINATIM","additional_sources":[],"coordinate_conflict":false}},{"type":"Feature","geometry":{"type":"Point","coordinates":[-119.7490358,39.5096745]},"properties":{"source_id":"ao-icksp-oratory-of-st-joseph-5450-equity-ave-reno-nv-89502-12","name":"Oratory of St. Joseph","iso":"US","city":"","affiliation":"ICKSP","venue_type":"oratory","precision":"building","approximate":false,"gate":"provisional_site_pin","source_url":"https://github.com/Fulcanelli13/ad-orientem/blob/main/data/directory/generated/icksp/geo.v1.geojson","source_path":"data/directory/generated/icksp/geo.v1.geojson","coordinate_provider":"OSM_NOMINATIM","additional_sources":[],"coordinate_conflict":false}},{"type":"Feature","geometry":{"type":"Point","coordinates":[-74.2787642,40.7786437]},"properties":{"source_id":"ao-icksp-st-anthony-of-padua-oratory-1360-pleasant-valley-way-west-orange-nj-07052-13","name":"St. Anthony of Padua Oratory","iso":"US","city":"","affiliation":"ICKSP","venue_type":"oratory","precision":"address","approximate":false,"gate":"provisional_site_pin","source_url":"https://github.com/Fulcanelli13/ad-orientem/blob/main/data/directory/generated/icksp/geo.v1.geojson","source_path":"data/directory/generated/icksp/geo.v1.geojson","coordinate_provider":"OSM_NOMINATIM","additional_sources":[],"coordinate_conflict":false}},{"type":"Feature","geometry":{"type":"Point","coordinates":[-76.5181515,43.456437]},"properties":{"source_id":"ao-icksp-st-mary-of-the-assumption-parish-and-shrine-103-west-7th-street-oswego-ny-13126-14","name":"St. Mary of the Assumption Parish and Shrine","iso":"US","city":"","affiliation":"ICKSP","venue_type":"church","precision":"building","approximate":false,"gate":"provisional_site_pin","source_url":"https://github.com/Fulcanelli13/ad-orientem/blob/main/data/directory/generated/icksp/geo.v1.geojson","source_path":"data/directory/generated/icksp/geo.v1.geojson","coordinate_provider":"OSM_NOMINATIM","additional_sources":[],"coordinate_conflict":false}},{"type":"Feature","geometry":{"type":"Point","coordinates":[-73.7774345,40.7685038]},"properties":{"source_id":"ao-icksp-st-josaphat-oratory-34-32-210th-street-bayside-new-york-11361-15","name":"St. Josaphat Oratory","iso":"US","city":"","affiliation":"ICKSP","venue_type":"oratory","precision":"building","approximate":false,"gate":"provisional_site_pin","source_url":"https://github.com/Fulcanelli13/ad-orientem/blob/main/data/directory/generated/icksp/geo.v1.geojson","source_path":"data/directory/generated/icksp/geo.v1.geojson","coordinate_provider":"OSM_NOMINATIM","additional_sources":[],"coordinate_conflict":false}},{"type":"Feature","geometry":{"type":"Point","coordinates":[-82.9890858,39.9362364]},"properties":{"source_id":"ao-icksp-st-leo-oratory-221-hanford-st-columbus-oh-43206-16","name":"St. Leo Oratory","iso":"US","city":"","affiliation":"ICKSP","venue_type":"oratory","precision":"building","approximate":false,"gate":"provisional_site_pin","source_url":"https://github.com/Fulcanelli13/ad-orientem/blob/main/data/directory/generated/icksp/geo.v1.geojson","source_path":"data/directory/generated/icksp/geo.v1.geojson","coordinate_provider":"OSM_NOMINATIM","additional_sources":[],"coordinate_conflict":false}},{"type":"Feature","geometry":{"type":"Point","coordinates":[-81.6607264,41.5145418]},"properties":{"source_id":"ao-icksp-immaculate-conception-oratory-4129-superior-ave-cleveland-oh-44103-17","name":"Immaculate Conception Oratory","iso":"US","city":"","affiliation":"ICKSP","venue_type":"oratory","precision":"address","approximate":false,"gate":"provisional_site_pin","source_url":"https://github.com/Fulcanelli13/ad-orientem/blob/main/data/directory/generated/icksp/geo.v1.geojson","source_path":"data/directory/generated/icksp/geo.v1.geojson","coordinate_provider":"OSM_NOMINATIM","additional_sources":[],"coordinate_conflict":false}},{"type":"Feature","geometry":{"type":"Point","coordinates":[-80.0387122,40.4746639]},"properties":{"source_id":"ao-icksp-most-precious-blood-of-jesus-parish-3250-california-avenue-pittsburgh-pennsylvania-15212-2362-18","name":"Most Precious Blood of Jesus Parish","iso":"US","city":"","affiliation":"ICKSP","venue_type":"church","precision":"building","approximate":false,"gate":"provisional_site_pin","source_url":"https://github.com/Fulcanelli13/ad-orientem/blob/main/data/directory/generated/icksp/geo.v1.geojson","source_path":"data/directory/generated/icksp/geo.v1.geojson","coordinate_provider":"OSM_NOMINATIM","additional_sources":[],"coordinate_conflict":false}},{"type":"Feature","geometry":{"type":"Point","coordinates":[-88.0230488,44.5191343]},"properties":{"source_id":"ao-icksp-st-patrick-s-oratory-211-n-maple-ave-green-bay-wisconsin-54303-19","name":"St. Patrick's Oratory","iso":"US","city":"","affiliation":"ICKSP","venue_type":"oratory","precision":"address","approximate":false,"gate":"provisional_site_pin","source_url":"https://github.com/Fulcanelli13/ad-orientem/blob/main/data/directory/generated/icksp/geo.v1.geojson","source_path":"data/directory/generated/icksp/geo.v1.geojson","coordinate_provider":"OSM_NOMINATIM","additional_sources":[],"coordinate_conflict":false}},{"type":"Feature","geometry":{"type":"Point","coordinates":[-87.9172578,43.0125149]},"properties":{"source_id":"ao-icksp-st-stanislaus-oratory-524-w-historic-mitchell-street-milwaukee-wisconsin-53204-20","name":"St. Stanislaus Oratory","iso":"US","city":"","affiliation":"ICKSP","venue_type":"oratory","precision":"building","approximate":false,"gate":"provisional_site_pin","source_url":"https://github.com/Fulcanelli13/ad-orientem/blob/main/data/directory/generated/icksp/geo.v1.geojson","source_path":"data/directory/generated/icksp/geo.v1.geojson","coordinate_provider":"OSM_NOMINATIM","additional_sources":[],"coordinate_conflict":false}},{"type":"Feature","geometry":{"type":"Point","coordinates":[-87.7134095,43.7465918]},"properties":{"source_id":"ao-icksp-ss-cyril-methodius-church-822-new-jersey-ave-sheboygan-wi-53081-please-direct-correspondence-to-the-institute-s-oratory-in-milwaukee-wi-21","name":"Ss. Cyril & Methodius Church","iso":"US","city":"","affiliation":"ICKSP","venue_type":"church","precision":"address","approximate":false,"gate":"provisional_site_pin","source_url":"https://github.com/Fulcanelli13/ad-orientem/blob/main/data/directory/generated/icksp/geo.v1.geojson","source_path":"data/directory/generated/icksp/geo.v1.geojson","coordinate_provider":"OSM_NOMINATIM","additional_sources":[],"coordinate_conflict":false}},{"type":"Feature","geometry":{"type":"Point","coordinates":[-89.6231069,44.9537786]},"properties":{"source_id":"ao-icksp-st-mary-s-oratory-325-grand-avenue-wausau-wisconsin-54403-mailing-address-22","name":"St. Mary's Oratory","iso":"US","city":"","affiliation":"ICKSP","venue_type":"oratory","precision":"building","approximate":false,"gate":"provisional_site_pin","source_url":"https://github.com/Fulcanelli13/ad-orientem/blob/main/data/directory/generated/icksp/geo.v1.geojson","source_path":"data/directory/generated/icksp/geo.v1.geojson","coordinate_provider":"OSM_NOMINATIM","additional_sources":[],"coordinate_conflict":false}},{"type":"Feature","geometry":{"type":"Point","coordinates":[11.251352,43.7724656]},"properties":{"source_id":"ao-icksp-chiesa-dei-santi-michele-e-gaetano-piazza-antinori-24","name":"Chiesa dei Santi Michele e Gaetano","iso":"IT","city":"","affiliation":"ICKSP","venue_type":"church","precision":"street","approximate":true,"gate":"provisional_site_pin","source_url":"https://github.com/Fulcanelli13/ad-orientem/blob/main/data/directory/generated/icksp/geo.v1.geojson","source_path":"data/directory/generated/icksp/geo.v1.geojson","coordinate_provider":"OSM_NOMINATIM","additional_sources":[],"coordinate_conflict":false}},{"type":"Feature","geometry":{"type":"Point","coordinates":[10.5172887,43.3093089]},"properties":{"source_id":"ao-icksp-chiesa-di-san-sebastiano-piazza-ilio-barontini-livorno-26","name":"Chiesa di San Sebastiano","iso":"IT","city":"","affiliation":"ICKSP","venue_type":"church","precision":"street","approximate":true,"gate":"provisional_site_pin","source_url":"https://github.com/Fulcanelli13/ad-orientem/blob/main/data/directory/generated/icksp/geo.v1.geojson","source_path":"data/directory/generated/icksp/geo.v1.geojson","coordinate_provider":"OSM_NOMINATIM","additional_sources":[],"coordinate_conflict":false}},{"type":"Feature","geometry":{"type":"Point","coordinates":[0.6171393,44.2020982]},"properties":{"source_id":"ao-research-icksp-federated-v13-icksp-stg-001-agen","name":"Église Notre-Dame-du-Bourg","iso":"FR","city":"Agen","affiliation":"ICKSP","venue_type":"church","precision":"street","approximate":false,"gate":"provisional_site_pin","source_url":"https://github.com/Fulcanelli13/ad-orientem/blob/main/data/directory/generated/v19/icksp-federated.geojson","source_path":"data/directory/generated/v19/icksp-federated.geojson","coordinate_provider":"OSM_NOMINATIM","additional_sources":[],"coordinate_conflict":false}},{"type":"Feature","geometry":{"type":"Point","coordinates":[2.1593556,43.8898203]},"properties":{"source_id":"ao-research-icksp-federated-v13-icksp-stg-002","name":"Église Saint-Genieys","iso":"FR","city":"Puygouzon","affiliation":"ICKSP","venue_type":"church","precision":"address","approximate":false,"gate":"provisional_site_pin","source_url":"https://github.com/Fulcanelli13/ad-orientem/blob/main/data/directory/generated/v19/icksp-federated.geojson","source_path":"data/directory/generated/v19/icksp-federated.geojson","coordinate_provider":"OSM_NOMINATIM","additional_sources":[],"coordinate_conflict":false}},{"type":"Feature","geometry":{"type":"Point","coordinates":[2.1084708,49.4309113]},"properties":{"source_id":"ao-research-icksp-federated-v13-icksp-stg-005","name":"Église Notre-Dame-de-l'Assomption","iso":"FR","city":"Beauvais","affiliation":"ICKSP","venue_type":"church","precision":"street","approximate":false,"gate":"provisional_site_pin","source_url":"https://github.com/Fulcanelli13/ad-orientem/blob/main/data/directory/generated/v19/icksp-federated.geojson","source_path":"data/directory/generated/v19/icksp-federated.geojson","coordinate_provider":"OSM_NOMINATIM","additional_sources":[],"coordinate_conflict":false}},{"type":"Feature","geometry":{"type":"Point","coordinates":[3.2136879,43.3393029]},"properties":{"source_id":"ao-research-icksp-federated-v13-icksp-stg-006","name":"Église Saint-Jacques","iso":"FR","city":"Béziers","affiliation":"ICKSP","venue_type":"church","precision":"street","approximate":false,"gate":"provisional_site_pin","source_url":"https://github.com/Fulcanelli13/ad-orientem/blob/main/data/directory/generated/v19/icksp-federated.geojson","source_path":"data/directory/generated/v19/icksp-federated.geojson","coordinate_provider":"OSM_NOMINATIM","additional_sources":[],"coordinate_conflict":false}},{"type":"Feature","geometry":{"type":"Point","coordinates":[-1.7424536,43.3330279]},"properties":{"source_id":"ao-research-icksp-federated-v13-icksp-stg-007-biriatou","name":"Église Saint-Martin","iso":"FR","city":"Biriatou","affiliation":"ICKSP","venue_type":"church","precision":"building","approximate":false,"gate":"provisional_site_pin","source_url":"https://github.com/Fulcanelli13/ad-orientem/blob/main/data/directory/generated/v19/icksp-federated.geojson","source_path":"data/directory/generated/v19/icksp-federated.geojson","coordinate_provider":"OSM_NOMINATIM","additional_sources":[],"coordinate_conflict":false}},{"type":"Feature","geometry":{"type":"Point","coordinates":[-1.4772948,43.4905259]},"properties":{"source_id":"ao-research-icksp-federated-v13-icksp-stg-007-bayonne","name":"Cathédrale Sainte-Marie de Bayonne","iso":"FR","city":"Bayonne","affiliation":"ICKSP","venue_type":"church","precision":"building","approximate":false,"gate":"provisional_site_pin","source_url":"https://github.com/Fulcanelli13/ad-orientem/blob/main/data/directory/generated/v19/icksp-federated.geojson","source_path":"data/directory/generated/v19/icksp-federated.geojson","coordinate_provider":"OSM_NOMINATIM","additional_sources":[],"coordinate_conflict":false}},{"type":"Feature","geometry":{"type":"Point","coordinates":[7.0111899,43.5516129]},"properties":{"source_id":"ao-research-icksp-federated-v13-icksp-stg-009","name":"Chapelle de la Miséricorde","iso":"FR","city":"Cannes","affiliation":"ICKSP","venue_type":"chapel","precision":"street","approximate":false,"gate":"provisional_site_pin","source_url":"https://github.com/Fulcanelli13/ad-orientem/blob/main/data/directory/generated/v19/icksp-federated.geojson","source_path":"data/directory/generated/v19/icksp-federated.geojson","coordinate_provider":"OSM_NOMINATIM","additional_sources":[],"coordinate_conflict":false}},{"type":"Feature","geometry":{"type":"Point","coordinates":[2.2437207,43.6058318]},"properties":{"source_id":"ao-research-icksp-federated-v13-icksp-stg-010","name":"Église Saint-Jacques","iso":"FR","city":"Castres","affiliation":"ICKSP","venue_type":"church","precision":"building","approximate":false,"gate":"provisional_site_pin","source_url":"https://github.com/Fulcanelli13/ad-orientem/blob/main/data/directory/generated/v19/icksp-federated.geojson","source_path":"data/directory/generated/v19/icksp-federated.geojson","coordinate_provider":"OSM_NOMINATIM","additional_sources":[],"coordinate_conflict":false}},{"type":"Feature","geometry":{"type":"Point","coordinates":[-0.7033526,45.847443]},"properties":{"source_id":"ao-research-icksp-federated-v13-icksp-stg-012-crazannes","name":"Église Sainte-Madeleine","iso":"FR","city":"Crazannes","affiliation":"ICKSP","venue_type":"church","precision":"building","approximate":false,"gate":"provisional_site_pin","source_url":"https://github.com/Fulcanelli13/ad-orientem/blob/main/data/directory/generated/v19/icksp-federated.geojson","source_path":"data/directory/generated/v19/icksp-federated.geojson","coordinate_provider":"OSM_NOMINATIM","additional_sources":[],"coordinate_conflict":false}},{"type":"Feature","geometry":{"type":"Point","coordinates":[5.0161363,47.3458843]},"properties":{"source_id":"ao-research-icksp-federated-v13-icksp-stg-013-fontaine","name":"Basilique de la Maison natale Saint-Bernard","iso":"FR","city":"Fontaine-lès-Dijon","affiliation":"ICKSP","venue_type":"basilica","precision":"street","approximate":false,"gate":"provisional_site_pin","source_url":"https://github.com/Fulcanelli13/ad-orientem/blob/main/data/directory/generated/v19/icksp-federated.geojson","source_path":"data/directory/generated/v19/icksp-federated.geojson","coordinate_provider":"OSM_NOMINATIM","additional_sources":[],"coordinate_conflict":false}},{"type":"Feature","geometry":{"type":"Point","coordinates":[5.0452436,47.3210428]},"properties":{"source_id":"ao-research-icksp-federated-v13-icksp-stg-013-standre","name":"Chapelle Saint-André","iso":"FR","city":"Dijon","affiliation":"ICKSP","venue_type":"chapel","precision":"building","approximate":false,"gate":"provisional_site_pin","source_url":"https://github.com/Fulcanelli13/ad-orientem/blob/main/data/directory/generated/v19/icksp-federated.geojson","source_path":"data/directory/generated/v19/icksp-federated.geojson","coordinate_provider":"OSM_NOMINATIM","additional_sources":[],"coordinate_conflict":false}},{"type":"Feature","geometry":{"type":"Point","coordinates":[5.0452436,47.3210428]},"properties":{"source_id":"ao-research-icksp-federated-v13-icksp-stg-013-stmichel","name":"Église Saint-Michel","iso":"FR","city":"Dijon","affiliation":"ICKSP","venue_type":"church","precision":"building","approximate":false,"gate":"provisional_site_pin","source_url":"https://github.com/Fulcanelli13/ad-orientem/blob/main/data/directory/generated/v19/icksp-federated.geojson","source_path":"data/directory/generated/v19/icksp-federated.geojson","coordinate_provider":"OSM_NOMINATIM","additional_sources":[],"coordinate_conflict":false}},{"type":"Feature","geometry":{"type":"Point","coordinates":[-1.1766284,46.1643965]},"properties":{"source_id":"ao-research-icksp-federated-v13-icksp-stg-016","name":"Chapelle Saint-Maurice","iso":"FR","city":"La Rochelle","affiliation":"ICKSP","venue_type":"chapel","precision":"address","approximate":false,"gate":"provisional_site_pin","source_url":"https://github.com/Fulcanelli13/ad-orientem/blob/main/data/directory/generated/v19/icksp-federated.geojson","source_path":"data/directory/generated/v19/icksp-federated.geojson","coordinate_provider":"OSM_NOMINATIM","additional_sources":[],"coordinate_conflict":false}},{"type":"Feature","geometry":{"type":"Point","coordinates":[3.0600153,50.6352247]},"properties":{"source_id":"ao-research-icksp-federated-v13-icksp-stg-017","name":"Église Saint-Étienne","iso":"FR","city":"Lille","affiliation":"ICKSP","venue_type":"church","precision":"address","approximate":false,"gate":"provisional_site_pin","source_url":"https://github.com/Fulcanelli13/ad-orientem/blob/main/data/directory/generated/v19/icksp-federated.geojson","source_path":"data/directory/generated/v19/icksp-federated.geojson","coordinate_provider":"OSM_NOMINATIM","additional_sources":[],"coordinate_conflict":false}},{"type":"Feature","geometry":{"type":"Point","coordinates":[1.2652582,45.8445408]},"properties":{"source_id":"ao-research-icksp-federated-v13-icksp-stg-018-stantoine","name":"Chapelle Saint-Antoine","iso":"FR","city":"Limoges","affiliation":"ICKSP","venue_type":"chapel","precision":"building","approximate":false,"gate":"provisional_site_pin","source_url":"https://github.com/Fulcanelli13/ad-orientem/blob/main/data/directory/generated/v19/icksp-federated.geojson","source_path":"data/directory/generated/v19/icksp-federated.geojson","coordinate_provider":"OSM_NOMINATIM","additional_sources":[],"coordinate_conflict":false}},{"type":"Feature","geometry":{"type":"Point","coordinates":[1.4508775,44.5792113]},"properties":{"source_id":"ao-research-icksp-federated-v13-icksp-stg-021","name":"Église Saint-Caprais","iso":"FR","city":"Mechmont","affiliation":"ICKSP","venue_type":"church","precision":"building","approximate":false,"gate":"provisional_site_pin","source_url":"https://github.com/Fulcanelli13/ad-orientem/blob/main/data/directory/generated/v19/icksp-federated.geojson","source_path":"data/directory/generated/v19/icksp-federated.geojson","coordinate_provider":"OSM_NOMINATIM","additional_sources":[],"coordinate_conflict":false}},{"type":"Feature","geometry":{"type":"Point","coordinates":[1.3205768,44.0185144]},"properties":{"source_id":"ao-research-icksp-federated-v13-icksp-stg-022","name":"Église de la Nativité de Notre-Dame","iso":"FR","city":"Montauban","affiliation":"ICKSP","venue_type":"church","precision":"street","approximate":false,"gate":"provisional_site_pin","source_url":"https://github.com/Fulcanelli13/ad-orientem/blob/main/data/directory/generated/v19/icksp-federated.geojson","source_path":"data/directory/generated/v19/icksp-federated.geojson","coordinate_provider":"OSM_NOMINATIM","additional_sources":[],"coordinate_conflict":false}},{"type":"Feature","geometry":{"type":"Point","coordinates":[3.8706607,43.6094103]},"properties":{"source_id":"ao-research-icksp-federated-v13-icksp-stg-023-steulalie","name":"Église Sainte-Eulalie","iso":"FR","city":"Montpellier","affiliation":"ICKSP","venue_type":"church","precision":"address","approximate":false,"gate":"provisional_site_pin","source_url":"https://github.com/Fulcanelli13/ad-orientem/blob/main/data/directory/generated/v19/icksp-federated.geojson","source_path":"data/directory/generated/v19/icksp-federated.geojson","coordinate_provider":"OSM_NOMINATIM","additional_sources":[],"coordinate_conflict":false}},{"type":"Feature","geometry":{"type":"Point","coordinates":[3.8792821,43.6096532]},"properties":{"source_id":"ao-research-icksp-federated-v13-icksp-stg-023-penitents","name":"Chapelle des Pénitents Blancs","iso":"FR","city":"Montpellier","affiliation":"ICKSP","venue_type":"chapel","precision":"address","approximate":false,"gate":"provisional_site_pin","source_url":"https://github.com/Fulcanelli13/ad-orientem/blob/main/data/directory/generated/v19/icksp-federated.geojson","source_path":"data/directory/generated/v19/icksp-federated.geojson","coordinate_provider":"OSM_NOMINATIM","additional_sources":[],"coordinate_conflict":false}},{"type":"Feature","geometry":{"type":"Point","coordinates":[3.3171339,46.5306207]},"properties":{"source_id":"ao-research-icksp-federated-v13-icksp-stg-024","name":"Église du Sacré-Cœur","iso":"FR","city":"Bressolles","affiliation":"ICKSP","venue_type":"church","precision":"address","approximate":false,"gate":"provisional_site_pin","source_url":"https://github.com/Fulcanelli13/ad-orientem/blob/main/data/directory/generated/v19/icksp-federated.geojson","source_path":"data/directory/generated/v19/icksp-federated.geojson","coordinate_provider":"OSM_NOMINATIM","additional_sources":[],"coordinate_conflict":false}},{"type":"Feature","geometry":{"type":"Point","coordinates":[7.2773704,43.6967691]},"properties":{"source_id":"ao-research-icksp-federated-v13-icksp-stg-025-gesu","name":"Église Saint-Jacques-le-Majeur (Gesù)","iso":"FR","city":"Nice","affiliation":"ICKSP","venue_type":"church","precision":"building","approximate":false,"gate":"provisional_site_pin","source_url":"https://github.com/Fulcanelli13/ad-orientem/blob/main/data/directory/generated/v19/icksp-federated.geojson","source_path":"data/directory/generated/v19/icksp-federated.geojson","coordinate_provider":"OSM_NOMINATIM","additional_sources":[],"coordinate_conflict":false}},{"type":"Feature","geometry":{"type":"Point","coordinates":[4.3590165,43.8379361]},"properties":{"source_id":"ao-research-icksp-federated-v13-icksp-stg-026","name":"Chapelle Sainte-Eugénie","iso":"FR","city":"Nîmes","affiliation":"ICKSP","venue_type":"chapel","precision":"street","approximate":false,"gate":"provisional_site_pin","source_url":"https://github.com/Fulcanelli13/ad-orientem/blob/main/data/directory/generated/v19/icksp-federated.geojson","source_path":"data/directory/generated/v19/icksp-federated.geojson","coordinate_provider":"OSM_NOMINATIM","additional_sources":[],"coordinate_conflict":false}},{"type":"Feature","geometry":{"type":"Point","coordinates":[1.900692,47.898581]},"properties":{"source_id":"ao-research-icksp-federated-v13-icksp-stg-027-recouvrance","name":"Église Notre-Dame-de-Recouvrance","iso":"FR","city":"Orléans","affiliation":"ICKSP","venue_type":"church","precision":"address","approximate":false,"gate":"provisional_site_pin","source_url":"https://github.com/Fulcanelli13/ad-orientem/blob/main/data/directory/generated/v19/icksp-federated.geojson","source_path":"data/directory/generated/v19/icksp-federated.geojson","coordinate_provider":"OSM_NOMINATIM","additional_sources":[],"coordinate_conflict":false}},{"type":"Feature","geometry":{"type":"Point","coordinates":[2.2656878,47.8564875]},"properties":{"source_id":"ao-research-icksp-federated-v13-icksp-stg-027-stmartin","name":"Église Saint-Martin","iso":"FR","city":"Saint-Martin-d'Abbat","affiliation":"ICKSP","venue_type":"church","precision":"building","approximate":false,"gate":"provisional_site_pin","source_url":"https://github.com/Fulcanelli13/ad-orientem/blob/main/data/directory/generated/v19/icksp-federated.geojson","source_path":"data/directory/generated/v19/icksp-federated.geojson","coordinate_provider":"OSM_NOMINATIM","additional_sources":[],"coordinate_conflict":false}},{"type":"Feature","geometry":{"type":"Point","coordinates":[2.7881248,47.9529697]},"properties":{"source_id":"ao-research-icksp-federated-v13-icksp-stg-027-conflans","name":"Église Saint-Pierre-ès-Liens","iso":"FR","city":"Conflans-sur-Loing","affiliation":"ICKSP","venue_type":"church","precision":"building","approximate":false,"gate":"provisional_site_pin","source_url":"https://github.com/Fulcanelli13/ad-orientem/blob/main/data/directory/generated/v19/icksp-federated.geojson","source_path":"data/directory/generated/v19/icksp-federated.geojson","coordinate_provider":"OSM_NOMINATIM","additional_sources":[],"coordinate_conflict":false}},{"type":"Feature","geometry":{"type":"Point","coordinates":[2.1046247,48.8762871]},"properties":{"source_id":"ao-research-icksp-federated-v13-icksp-stg-029-stlouis","name":"Église Saint-Louis","iso":"FR","city":"Le Port-Marly","affiliation":"ICKSP","venue_type":"church","precision":"street","approximate":false,"gate":"provisional_site_pin","source_url":"https://github.com/Fulcanelli13/ad-orientem/blob/main/data/directory/generated/v19/icksp-federated.geojson","source_path":"data/directory/generated/v19/icksp-federated.geojson","coordinate_provider":"OSM_NOMINATIM","additional_sources":[],"coordinate_conflict":false}},{"type":"Feature","geometry":{"type":"Point","coordinates":[2.101802,48.872289]},"properties":{"source_id":"ao-research-icksp-federated-v13-icksp-stg-029-stfrancois","name":"Chapelle Saint-François-de-Sales","iso":"FR","city":"Marly-le-Roi","affiliation":"ICKSP","venue_type":"chapel","precision":"address","approximate":false,"gate":"provisional_site_pin","source_url":"https://github.com/Fulcanelli13/ad-orientem/blob/main/data/directory/generated/v19/icksp-federated.geojson","source_path":"data/directory/generated/v19/icksp-federated.geojson","coordinate_provider":"OSM_NOMINATIM","additional_sources":[],"coordinate_conflict":false}},{"type":"Feature","geometry":{"type":"Point","coordinates":[4.0441717,49.266241]},"properties":{"source_id":"ao-research-icksp-federated-v13-icksp-stg-030","name":"Église Sainte-Jeanne-d'Arc","iso":"FR","city":"Reims","affiliation":"ICKSP","venue_type":"church","precision":"building","approximate":false,"gate":"provisional_site_pin","source_url":"https://github.com/Fulcanelli13/ad-orientem/blob/main/data/directory/generated/v19/icksp-federated.geojson","source_path":"data/directory/generated/v19/icksp-federated.geojson","coordinate_provider":"OSM_NOMINATIM","additional_sources":[],"coordinate_conflict":false}},{"type":"Feature","geometry":{"type":"Point","coordinates":[-1.6927547,48.1049076]},"properties":{"source_id":"ao-research-icksp-federated-v13-icksp-stg-031","name":"Chapelle Saint-François","iso":"FR","city":"Rennes","affiliation":"ICKSP","venue_type":"chapel","precision":"address","approximate":false,"gate":"provisional_site_pin","source_url":"https://github.com/Fulcanelli13/ad-orientem/blob/main/data/directory/generated/v19/icksp-federated.geojson","source_path":"data/directory/generated/v19/icksp-federated.geojson","coordinate_provider":"OSM_NOMINATIM","additional_sources":[],"coordinate_conflict":false}},{"type":"Feature","geometry":{"type":"Point","coordinates":[1.091263,49.446181]},"properties":{"source_id":"ao-research-icksp-federated-v13-icksp-stg-032","name":"Église Saint-Patrice","iso":"FR","city":"Rouen","affiliation":"ICKSP","venue_type":"church","precision":"address","approximate":false,"gate":"provisional_site_pin","source_url":"https://github.com/Fulcanelli13/ad-orientem/blob/main/data/directory/generated/v19/icksp-federated.geojson","source_path":"data/directory/generated/v19/icksp-federated.geojson","coordinate_provider":"OSM_NOMINATIM","additional_sources":[],"coordinate_conflict":false}},{"type":"Feature","geometry":{"type":"Point","coordinates":[-1.0991354,45.6768775]},"properties":{"source_id":"ao-research-icksp-federated-v13-icksp-stg-033","name":"Église Saint-Augustin","iso":"FR","city":"Saint-Augustin","affiliation":"ICKSP","venue_type":"church","precision":"building","approximate":false,"gate":"provisional_site_pin","source_url":"https://github.com/Fulcanelli13/ad-orientem/blob/main/data/directory/generated/v19/icksp-federated.geojson","source_path":"data/directory/generated/v19/icksp-federated.geojson","coordinate_provider":"OSM_NOMINATIM","additional_sources":[],"coordinate_conflict":false}},{"type":"Feature","geometry":{"type":"Point","coordinates":[-2.7550884,48.4981958]},"properties":{"source_id":"ao-research-icksp-federated-v13-icksp-stg-034","name":"Église Saint-Vincent-de-Paul","iso":"FR","city":"Saint-Brieuc","affiliation":"ICKSP","venue_type":"church","precision":"building","approximate":false,"gate":"provisional_site_pin","source_url":"https://github.com/Fulcanelli13/ad-orientem/blob/main/data/directory/generated/v19/icksp-federated.geojson","source_path":"data/directory/generated/v19/icksp-federated.geojson","coordinate_provider":"OSM_NOMINATIM","additional_sources":[],"coordinate_conflict":false}},{"type":"Feature","geometry":{"type":"Point","coordinates":[1.4458534,43.6014865]},"properties":{"source_id":"ao-research-icksp-federated-v13-icksp-stg-035","name":"Chapelle Saint-Jean-Baptiste","iso":"FR","city":"Toulouse","affiliation":"ICKSP","venue_type":"chapel","precision":"address","approximate":false,"gate":"provisional_site_pin","source_url":"https://github.com/Fulcanelli13/ad-orientem/blob/main/data/directory/generated/v19/icksp-federated.geojson","source_path":"data/directory/generated/v19/icksp-federated.geojson","coordinate_provider":"OSM_NOMINATIM","additional_sources":[],"coordinate_conflict":false}},{"type":"Feature","geometry":{"type":"Point","coordinates":[4.0755933,48.2989367]},"properties":{"source_id":"ao-research-icksp-federated-v13-icksp-stg-036","name":"Église Saint-Rémy","iso":"FR","city":"Troyes","affiliation":"ICKSP","venue_type":"church","precision":"street","approximate":false,"gate":"provisional_site_pin","source_url":"https://github.com/Fulcanelli13/ad-orientem/blob/main/data/directory/generated/v19/icksp-federated.geojson","source_path":"data/directory/generated/v19/icksp-federated.geojson","coordinate_provider":"OSM_NOMINATIM","additional_sources":[],"coordinate_conflict":false}},{"type":"Feature","geometry":{"type":"Point","coordinates":[-1.4666261,49.5021325]},"properties":{"source_id":"ao-research-icksp-federated-v13-icksp-stg-037","name":"Chapelle de l'hôpital","iso":"FR","city":"Valognes","affiliation":"ICKSP","venue_type":"chapel","precision":"street","approximate":false,"gate":"provisional_site_pin","source_url":"https://github.com/Fulcanelli13/ad-orientem/blob/main/data/directory/generated/v19/icksp-federated.geojson","source_path":"data/directory/generated/v19/icksp-federated.geojson","coordinate_provider":"OSM_NOMINATIM","additional_sources":[],"coordinate_conflict":false}},{"type":"Feature","geometry":{"type":"Point","coordinates":[3.4237185,46.124235]},"properties":{"source_id":"ao-research-icksp-federated-v13-icksp-stg-038","name":"Église Saint-Louis","iso":"FR","city":"Vichy","affiliation":"ICKSP","venue_type":"church","precision":"building","approximate":false,"gate":"provisional_site_pin","source_url":"https://github.com/Fulcanelli13/ad-orientem/blob/main/data/directory/generated/v19/icksp-federated.geojson","source_path":"data/directory/generated/v19/icksp-federated.geojson","coordinate_provider":"OSM_NOMINATIM","additional_sources":[],"coordinate_conflict":false}},{"type":"Feature","geometry":{"type":"Point","coordinates":[-110.9774722,32.2316632]},"properties":{"source_id":"ao-research-icksp-federated-v13-icksp-stg-040","name":"St. Gianna Oratory","iso":"US","city":"Tucson, AZ","affiliation":"ICKSP","venue_type":"oratory","precision":"address","approximate":false,"gate":"provisional_site_pin","source_url":"https://github.com/Fulcanelli13/ad-orientem/blob/main/data/directory/generated/v19/icksp-federated.geojson","source_path":"data/directory/generated/v19/icksp-federated.geojson","coordinate_provider":"OSM_NOMINATIM","additional_sources":[],"coordinate_conflict":false}},{"type":"Feature","geometry":{"type":"Point","coordinates":[-73.176167,41.185289]},"properties":{"source_id":"ao-research-icksp-federated-v13-icksp-stg-043","name":"Sts. Cyril & Methodius","iso":"US","city":"Bridgeport, CT","affiliation":"ICKSP","venue_type":"other","precision":"address","approximate":false,"gate":"provisional_site_pin","source_url":"https://github.com/Fulcanelli13/ad-orientem/blob/main/data/directory/generated/v19/icksp-federated.geojson","source_path":"data/directory/generated/v19/icksp-federated.geojson","coordinate_provider":"OSM_NOMINATIM","additional_sources":[],"coordinate_conflict":false}},{"type":"Feature","geometry":{"type":"Point","coordinates":[-83.035697,42.3454426]},"properties":{"source_id":"ao-research-icksp-federated-v13-icksp-stg-054","name":"St. Joseph Shrine","iso":"US","city":"Detroit, MI","affiliation":"ICKSP","venue_type":"church","precision":"building","approximate":false,"gate":"provisional_site_pin","source_url":"https://github.com/Fulcanelli13/ad-orientem/blob/main/data/directory/generated/v19/icksp-federated.geojson","source_path":"data/directory/generated/v19/icksp-federated.geojson","coordinate_provider":"OSM_NOMINATIM","additional_sources":[],"coordinate_conflict":false}},{"type":"Feature","geometry":{"type":"Point","coordinates":[18.1657592,40.3514693]},"properties":{"source_id":"ao-research-icksp-federated-v13-icksp-stg-070-lecce","name":"Chiesa di Sant’Anna","iso":"IT","city":"Lecce","affiliation":"ICKSP","venue_type":"church","precision":"address","approximate":false,"gate":"provisional_site_pin","source_url":"https://github.com/Fulcanelli13/ad-orientem/blob/main/data/directory/generated/v19/icksp-federated.geojson","source_path":"data/directory/generated/v19/icksp-federated.geojson","coordinate_provider":"OSM_NOMINATIM","additional_sources":[],"coordinate_conflict":false}},{"type":"Feature","geometry":{"type":"Point","coordinates":[18.0459697,40.3517254]},"properties":{"source_id":"ao-research-icksp-federated-v13-icksp-stg-070-carmiano","name":"Chiesa del Cuore Immacolato di Maria (Li Sala)","iso":"IT","city":"Carmiano","affiliation":"ICKSP","venue_type":"church","precision":"street","approximate":false,"gate":"provisional_site_pin","source_url":"https://github.com/Fulcanelli13/ad-orientem/blob/main/data/directory/generated/v19/icksp-federated.geojson","source_path":"data/directory/generated/v19/icksp-federated.geojson","coordinate_provider":"OSM_NOMINATIM","additional_sources":[],"coordinate_conflict":false}},{"type":"Feature","geometry":{"type":"Point","coordinates":[14.2536105,40.8543998]},"properties":{"source_id":"ao-research-icksp-federated-v13-icksp-stg-072-rosariello","name":"Chiesa Rettoria del Rosariello","iso":"IT","city":"Napoli","affiliation":"ICKSP","venue_type":"church","precision":"street","approximate":false,"gate":"provisional_site_pin","source_url":"https://github.com/Fulcanelli13/ad-orientem/blob/main/data/directory/generated/v19/icksp-federated.geojson","source_path":"data/directory/generated/v19/icksp-federated.geojson","coordinate_provider":"OSM_NOMINATIM","additional_sources":[],"coordinate_conflict":false}},{"type":"Feature","geometry":{"type":"Point","coordinates":[14.2754121,40.8485748]},"properties":{"source_id":"ao-research-icksp-federated-v13-icksp-stg-072-santanna","name":"Chiesa di Sant’Anna alle Paludi","iso":"IT","city":"Napoli","affiliation":"ICKSP","venue_type":"church","precision":"street","approximate":false,"gate":"provisional_site_pin","source_url":"https://github.com/Fulcanelli13/ad-orientem/blob/main/data/directory/generated/v19/icksp-federated.geojson","source_path":"data/directory/generated/v19/icksp-federated.geojson","coordinate_provider":"OSM_NOMINATIM","additional_sources":[],"coordinate_conflict":false}},{"type":"Feature","geometry":{"type":"Point","coordinates":[9.695123,45.0506139]},"properties":{"source_id":"ao-research-icksp-federated-v13-icksp-stg-073","name":"Chiesa di San Giorgio in Sopramuro","iso":"IT","city":"Piacenza","affiliation":"ICKSP","venue_type":"church","precision":"address","approximate":false,"gate":"provisional_site_pin","source_url":"https://github.com/Fulcanelli13/ad-orientem/blob/main/data/directory/generated/v19/icksp-federated.geojson","source_path":"data/directory/generated/v19/icksp-federated.geojson","coordinate_provider":"OSM_NOMINATIM","additional_sources":[],"coordinate_conflict":false}},{"type":"Feature","geometry":{"type":"Point","coordinates":[-2.7157094,53.763183]},"properties":{"source_id":"ao-research-icksp-federated-v13-icksp-stg-077","name":"Shrine Church of St Walburge","iso":"GB","city":"Preston","affiliation":"ICKSP","venue_type":"church","precision":"street","approximate":false,"gate":"provisional_site_pin","source_url":"https://github.com/Fulcanelli13/ad-orientem/blob/main/data/directory/generated/v19/icksp-federated.geojson","source_path":"data/directory/generated/v19/icksp-federated.geojson","coordinate_provider":"OSM_NOMINATIM","additional_sources":[],"coordinate_conflict":false}},{"type":"Feature","geometry":{"type":"Point","coordinates":[-2.7299224,52.710523]},"properties":{"source_id":"ao-research-icksp-federated-v13-icksp-stg-078","name":"St Winefride’s Church","iso":"GB","city":"Shrewsbury","affiliation":"ICKSP","venue_type":"church","precision":"street","approximate":false,"gate":"provisional_site_pin","source_url":"https://github.com/Fulcanelli13/ad-orientem/blob/main/data/directory/generated/v19/icksp-federated.geojson","source_path":"data/directory/generated/v19/icksp-federated.geojson","coordinate_provider":"OSM_NOMINATIM","additional_sources":[],"coordinate_conflict":false}},{"type":"Feature","geometry":{"type":"Point","coordinates":[-3.5531028,50.4699243]},"properties":{"source_id":"ao-research-icksp-federated-v13-icksp-stg-080-holyangels","name":"Holy Angels Church","iso":"GB","city":"Torquay","affiliation":"ICKSP","venue_type":"church","precision":"building","approximate":false,"gate":"provisional_site_pin","source_url":"https://github.com/Fulcanelli13/ad-orientem/blob/main/data/directory/generated/v19/icksp-federated.geojson","source_path":"data/directory/generated/v19/icksp-federated.geojson","coordinate_provider":"OSM_NOMINATIM","additional_sources":[],"coordinate_conflict":false}},{"type":"Feature","geometry":{"type":"Point","coordinates":[-4.1377289,50.3890945]},"properties":{"source_id":"ao-research-icksp-federated-v13-icksp-stg-080-stedward","name":"St Edward the Confessor Church","iso":"GB","city":"Plymouth","affiliation":"ICKSP","venue_type":"church","precision":"building","approximate":false,"gate":"provisional_site_pin","source_url":"https://github.com/Fulcanelli13/ad-orientem/blob/main/data/directory/generated/v19/icksp-federated.geojson","source_path":"data/directory/generated/v19/icksp-federated.geojson","coordinate_provider":"OSM_NOMINATIM","additional_sources":[],"coordinate_conflict":false}},{"type":"Feature","geometry":{"type":"Point","coordinates":[17.9232186,59.2863342]},"properties":{"source_id":"ao-research-icksp-federated-v13-icksp-stg-082","name":"St Maroun Church","iso":"SE","city":"Skärholmen","affiliation":"ICKSP","venue_type":"church","precision":"building","approximate":false,"gate":"provisional_site_pin","source_url":"https://github.com/Fulcanelli13/ad-orientem/blob/main/data/directory/generated/v19/icksp-federated.geojson","source_path":"data/directory/generated/v19/icksp-federated.geojson","coordinate_provider":"OSM_NOMINATIM","additional_sources":[],"coordinate_conflict":false}},{"type":"Feature","geometry":{"type":"Point","coordinates":[-3.6694514,40.4209685]},"properties":{"source_id":"ao-research-icksp-federated-v13-icksp-stg-083","name":"Iglesia Nuestra Señora de la Paz","iso":"ES","city":"Madrid","affiliation":"ICKSP","venue_type":"church","precision":"building","approximate":false,"gate":"provisional_site_pin","source_url":"https://github.com/Fulcanelli13/ad-orientem/blob/main/data/directory/generated/v19/icksp-federated.geojson","source_path":"data/directory/generated/v19/icksp-federated.geojson","coordinate_provider":"OSM_NOMINATIM","additional_sources":[],"coordinate_conflict":false}},{"type":"Feature","geometry":{"type":"Point","coordinates":[-3.3649115,40.4809716]},"properties":{"source_id":"ao-research-icksp-federated-v13-icksp-stg-085","name":"Iglesia de las Concepcionistas Franciscanas","iso":"ES","city":"Alcalá de Henares","affiliation":"ICKSP","venue_type":"church","precision":"building","approximate":false,"gate":"provisional_site_pin","source_url":"https://github.com/Fulcanelli13/ad-orientem/blob/main/data/directory/generated/v19/icksp-federated.geojson","source_path":"data/directory/generated/v19/icksp-federated.geojson","coordinate_provider":"OSM_NOMINATIM","additional_sources":[],"coordinate_conflict":false}},{"type":"Feature","geometry":{"type":"Point","coordinates":[-6.2268084,36.598796]},"properties":{"source_id":"ao-research-icksp-federated-v13-icksp-stg-086","name":"Convento de las Concepcionistas","iso":"ES","city":"El Puerto de Santa María","affiliation":"ICKSP","venue_type":"convent","precision":"street","approximate":false,"gate":"provisional_site_pin","source_url":"https://github.com/Fulcanelli13/ad-orientem/blob/main/data/directory/generated/v19/icksp-federated.geojson","source_path":"data/directory/generated/v19/icksp-federated.geojson","coordinate_provider":"OSM_NOMINATIM","additional_sources":[],"coordinate_conflict":false}},{"type":"Feature","geometry":{"type":"Point","coordinates":[-6.2299247,36.5970781]},"properties":{"source_id":"ao-research-icksp-federated-v13-icksp-stg-087","name":"Oratorio de la Inmaculada Concepción","iso":"ES","city":"El Puerto de Santa María","affiliation":"ICKSP","venue_type":"oratory","precision":"street","approximate":false,"gate":"provisional_site_pin","source_url":"https://github.com/Fulcanelli13/ad-orientem/blob/main/data/directory/generated/v19/icksp-federated.geojson","source_path":"data/directory/generated/v19/icksp-federated.geojson","coordinate_provider":"OSM_NOMINATIM","additional_sources":[],"coordinate_conflict":false}},{"type":"Feature","geometry":{"type":"Point","coordinates":[-6.2998237,36.5331199]},"properties":{"source_id":"ao-research-icksp-federated-v13-icksp-stg-088","name":"Oratorio de San Felipe Neri","iso":"ES","city":"Cádiz","affiliation":"ICKSP","venue_type":"oratory","precision":"street","approximate":false,"gate":"provisional_site_pin","source_url":"https://github.com/Fulcanelli13/ad-orientem/blob/main/data/directory/generated/v19/icksp-federated.geojson","source_path":"data/directory/generated/v19/icksp-federated.geojson","coordinate_provider":"OSM_NOMINATIM","additional_sources":[],"coordinate_conflict":false}},{"type":"Feature","geometry":{"type":"Point","coordinates":[-4.1179896,40.9490769]},"properties":{"source_id":"ao-research-icksp-federated-v13-icksp-stg-090","name":"Iglesia de San Sebastián","iso":"ES","city":"Segovia","affiliation":"ICKSP","venue_type":"church","precision":"address","approximate":false,"gate":"provisional_site_pin","source_url":"https://github.com/Fulcanelli13/ad-orientem/blob/main/data/directory/generated/v19/icksp-federated.geojson","source_path":"data/directory/generated/v19/icksp-federated.geojson","coordinate_provider":"OSM_NOMINATIM","additional_sources":[],"coordinate_conflict":false}},{"type":"Feature","geometry":{"type":"Point","coordinates":[-4.7259122,41.6501533]},"properties":{"source_id":"ao-research-icksp-federated-v13-icksp-stg-091","name":"Convento de las Dominicas de Porta Coeli","iso":"ES","city":"Valladolid","affiliation":"ICKSP","venue_type":"convent","precision":"building","approximate":false,"gate":"provisional_site_pin","source_url":"https://github.com/Fulcanelli13/ad-orientem/blob/main/data/directory/generated/v19/icksp-federated.geojson","source_path":"data/directory/generated/v19/icksp-federated.geojson","coordinate_provider":"OSM_NOMINATIM","additional_sources":[],"coordinate_conflict":false}},{"type":"Feature","geometry":{"type":"Point","coordinates":[57.5245607,-20.3195886]},"properties":{"source_id":"ao-research-icksp-federated-v13-icksp-stg-093","name":"Église Sainte-Thérèse","iso":"MU","city":"Curepipe","affiliation":"ICKSP","venue_type":"church","precision":"building","approximate":false,"gate":"provisional_site_pin","source_url":"https://github.com/Fulcanelli13/ad-orientem/blob/main/data/directory/generated/v19/icksp-federated.geojson","source_path":"data/directory/generated/v19/icksp-federated.geojson","coordinate_provider":"OSM_NOMINATIM","additional_sources":[],"coordinate_conflict":false}},{"type":"Feature","geometry":{"type":"Point","coordinates":[57.5020691,-20.169016]},"properties":{"source_id":"ao-research-icksp-federated-v13-icksp-stg-096","name":"Chapelle Saint-Jean-de-Dieu, Hôpital Jeetoo","iso":"MU","city":"Port-Louis","affiliation":"ICKSP","venue_type":"chapel","precision":"building","approximate":false,"gate":"provisional_site_pin","source_url":"https://github.com/Fulcanelli13/ad-orientem/blob/main/data/directory/generated/v19/icksp-federated.geojson","source_path":"data/directory/generated/v19/icksp-federated.geojson","coordinate_provider":"OSM_NOMINATIM","additional_sources":[],"coordinate_conflict":false}},{"type":"Feature","geometry":{"type":"Point","coordinates":[3.5450717,50.5357494]},"properties":{"source_id":"ao-research-icksp-federated-v13-icksp-stg-101","name":"Chapelle Notre-Dame-de-l'Espérance","iso":"BE","city":"Brasménil","affiliation":"ICKSP","venue_type":"chapel","precision":"building","approximate":false,"gate":"provisional_site_pin","source_url":"https://github.com/Fulcanelli13/ad-orientem/blob/main/data/directory/generated/v19/icksp-federated.geojson","source_path":"data/directory/generated/v19/icksp-federated.geojson","coordinate_provider":"OSM_NOMINATIM","additional_sources":[],"coordinate_conflict":false}},{"type":"Feature","geometry":{"type":"Point","coordinates":[12.6789679,48.2279997]},"properties":{"source_id":"ao-research-icksp-federated-v13-icksp-stg-112","name":"Friedhofskirche St. Michael","iso":"DE","city":"Altötting","affiliation":"ICKSP","venue_type":"church","precision":"building","approximate":false,"gate":"provisional_site_pin","source_url":"https://github.com/Fulcanelli13/ad-orientem/blob/main/data/directory/generated/v19/icksp-federated.geojson","source_path":"data/directory/generated/v19/icksp-federated.geojson","coordinate_provider":"OSM_NOMINATIM","additional_sources":[],"coordinate_conflict":false}},{"type":"Feature","geometry":{"type":"Point","coordinates":[12.8764519,47.7229883]},"properties":{"source_id":"ao-research-icksp-federated-v13-icksp-stg-114","name":"Kirche St. Ägidi","iso":"DE","city":"Bad Reichenhall","affiliation":"ICKSP","venue_type":"church","precision":"building","approximate":false,"gate":"provisional_site_pin","source_url":"https://github.com/Fulcanelli13/ad-orientem/blob/main/data/directory/generated/v19/icksp-federated.geojson","source_path":"data/directory/generated/v19/icksp-federated.geojson","coordinate_provider":"OSM_NOMINATIM","additional_sources":[],"coordinate_conflict":false}},{"type":"Feature","geometry":{"type":"Point","coordinates":[12.6481879,47.8677424]},"properties":{"source_id":"ao-research-icksp-federated-v13-icksp-stg-115","name":"Salinenkapelle St. Rupert und Maximilian","iso":"DE","city":"Traunstein","affiliation":"ICKSP","venue_type":"chapel","precision":"building","approximate":false,"gate":"provisional_site_pin","source_url":"https://github.com/Fulcanelli13/ad-orientem/blob/main/data/directory/generated/v19/icksp-federated.geojson","source_path":"data/directory/generated/v19/icksp-federated.geojson","coordinate_provider":"OSM_NOMINATIM","additional_sources":[],"coordinate_conflict":false}},{"type":"Feature","geometry":{"type":"Point","coordinates":[7.2784795,50.1252933]},"properties":{"source_id":"ao-research-icksp-federated-v13-icksp-stg-116","name":"Kloster Maria Engelport","iso":"DE","city":"Treis-Karden","affiliation":"ICKSP","venue_type":"monastery","precision":"building","approximate":false,"gate":"provisional_site_pin","source_url":"https://github.com/Fulcanelli13/ad-orientem/blob/main/data/directory/generated/v19/icksp-federated.geojson","source_path":"data/directory/generated/v19/icksp-federated.geojson","coordinate_provider":"OSM_NOMINATIM","additional_sources":[],"coordinate_conflict":false}},{"type":"Feature","geometry":{"type":"Point","coordinates":[7.6034734,50.3435606]},"properties":{"source_id":"ao-research-icksp-federated-v13-icksp-stg-117","name":"Kloster Bethlehem","iso":"DE","city":"Koblenz","affiliation":"ICKSP","venue_type":"monastery","precision":"building","approximate":false,"gate":"provisional_site_pin","source_url":"https://github.com/Fulcanelli13/ad-orientem/blob/main/data/directory/generated/v19/icksp-federated.geojson","source_path":"data/directory/generated/v19/icksp-federated.geojson","coordinate_provider":"OSM_NOMINATIM","additional_sources":[],"coordinate_conflict":false}},{"type":"Feature","geometry":{"type":"Point","coordinates":[6.9048077,49.3000518]},"properties":{"source_id":"ao-research-icksp-federated-v13-icksp-stg-118","name":"Katholische Kirche St. Martin","iso":"DE","city":"Köllerbach","affiliation":"ICKSP","venue_type":"church","precision":"street","approximate":false,"gate":"provisional_site_pin","source_url":"https://github.com/Fulcanelli13/ad-orientem/blob/main/data/directory/generated/v19/icksp-federated.geojson","source_path":"data/directory/generated/v19/icksp-federated.geojson","coordinate_provider":"OSM_NOMINATIM","additional_sources":[],"coordinate_conflict":false}},{"type":"Feature","geometry":{"type":"Point","coordinates":[6.6438465,49.7639707]},"properties":{"source_id":"ao-research-icksp-federated-v13-icksp-stg-119","name":"St. Martin","iso":"DE","city":"Trier","affiliation":"ICKSP","venue_type":"church","precision":"building","approximate":false,"gate":"provisional_site_pin","source_url":"https://github.com/Fulcanelli13/ad-orientem/blob/main/data/directory/generated/v19/icksp-federated.geojson","source_path":"data/directory/generated/v19/icksp-federated.geojson","coordinate_provider":"OSM_NOMINATIM","additional_sources":[],"coordinate_conflict":false}},{"type":"Feature","geometry":{"type":"Point","coordinates":[-8.6324277,52.6590929]},"properties":{"source_id":"ao-research-icksp-federated-v13-icksp-stg-122","name":"Sacred Heart Church","iso":"IE","city":"Limerick","affiliation":"ICKSP","venue_type":"church","precision":"building","approximate":false,"gate":"provisional_site_pin","source_url":"https://github.com/Fulcanelli13/ad-orientem/blob/main/data/directory/generated/v19/icksp-federated.geojson","source_path":"data/directory/generated/v19/icksp-federated.geojson","coordinate_provider":"OSM_NOMINATIM","additional_sources":[],"coordinate_conflict":false}},{"type":"Feature","geometry":{"type":"Point","coordinates":[-5.9379914,54.6266069]},"properties":{"source_id":"ao-research-icksp-federated-v13-icksp-stg-123","name":"Church of the Immaculate Heart of Mary","iso":"GB","city":"Belfast, Northern Ireland","affiliation":"ICKSP","venue_type":"church","precision":"street","approximate":false,"gate":"provisional_site_pin","source_url":"https://github.com/Fulcanelli13/ad-orientem/blob/main/data/directory/generated/v19/icksp-federated.geojson","source_path":"data/directory/generated/v19/icksp-federated.geojson","coordinate_provider":"OSM_NOMINATIM","additional_sources":[],"coordinate_conflict":false}},{"type":"Feature","geometry":{"type":"Point","coordinates":[-9.0644409,53.2706169]},"properties":{"source_id":"ao-research-icksp-federated-v13-icksp-stg-125","name":"St. Mary's College Chapel","iso":"IE","city":"Galway","affiliation":"ICKSP","venue_type":"chapel","precision":"street","approximate":false,"gate":"provisional_site_pin","source_url":"https://github.com/Fulcanelli13/ad-orientem/blob/main/data/directory/generated/v19/icksp-federated.geojson","source_path":"data/directory/generated/v19/icksp-federated.geojson","coordinate_provider":"OSM_NOMINATIM","additional_sources":[],"coordinate_conflict":false}},{"type":"Feature","geometry":{"type":"Point","coordinates":[8.6127404,44.9115501]},"properties":{"source_id":"ao-research-icksp-federated-v13-icksp-it-2026-alessandria","name":"Chiesa di San Giovannino","iso":"IT","city":"Alessandria","affiliation":"ICKSP","venue_type":"church","precision":"street","approximate":false,"gate":"provisional_site_pin","source_url":"https://github.com/Fulcanelli13/ad-orientem/blob/main/data/directory/generated/v19/icksp-federated.geojson","source_path":"data/directory/generated/v19/icksp-federated.geojson","coordinate_provider":"OSM_NOMINATIM","additional_sources":[],"coordinate_conflict":false}},{"type":"Feature","geometry":{"type":"Point","coordinates":[10.5074981,43.8412351]},"properties":{"source_id":"ao-research-icksp-federated-v13-icksp-it-2026-lucca","name":"Chiesa di Santa Maria della Rosa","iso":"IT","city":"Lucca","affiliation":"ICKSP","venue_type":"church","precision":"street","approximate":false,"gate":"provisional_site_pin","source_url":"https://github.com/Fulcanelli13/ad-orientem/blob/main/data/directory/generated/v19/icksp-federated.geojson","source_path":"data/directory/generated/v19/icksp-federated.geojson","coordinate_provider":"OSM_NOMINATIM","additional_sources":[],"coordinate_conflict":false}},{"type":"Feature","geometry":{"type":"Point","coordinates":[12.1176131,42.7211933]},"properties":{"source_id":"ao-research-icksp-federated-v13-icksp-it-2026-orvieto","name":"Chiesa Santa Maria dei Servi","iso":"IT","city":"Orvieto","affiliation":"ICKSP","venue_type":"church","precision":"street","approximate":false,"gate":"provisional_site_pin","source_url":"https://github.com/Fulcanelli13/ad-orientem/blob/main/data/directory/generated/v19/icksp-federated.geojson","source_path":"data/directory/generated/v19/icksp-federated.geojson","coordinate_provider":"OSM_NOMINATIM","additional_sources":[],"coordinate_conflict":false}},{"type":"Feature","geometry":{"type":"Point","coordinates":[10.6214267,43.710011]},"properties":{"source_id":"ao-research-icksp-federated-v13-icksp-it-2026-bientina","name":"Chiesa di San Domenico","iso":"IT","city":"Bientina","affiliation":"ICKSP","venue_type":"church","precision":"street","approximate":false,"gate":"provisional_site_pin","source_url":"https://github.com/Fulcanelli13/ad-orientem/blob/main/data/directory/generated/v19/icksp-federated.geojson","source_path":"data/directory/generated/v19/icksp-federated.geojson","coordinate_provider":"OSM_NOMINATIM","additional_sources":[],"coordinate_conflict":false}},{"type":"Feature","geometry":{"type":"Point","coordinates":[10.9133177,43.9323562]},"properties":{"source_id":"ao-research-icksp-federated-v13-icksp-it-2026-pistoia","name":"Chiesa di San Vitale","iso":"IT","city":"Pistoia","affiliation":"ICKSP","venue_type":"church","precision":"street","approximate":false,"gate":"provisional_site_pin","source_url":"https://github.com/Fulcanelli13/ad-orientem/blob/main/data/directory/generated/v19/icksp-federated.geojson","source_path":"data/directory/generated/v19/icksp-federated.geojson","coordinate_provider":"OSM_NOMINATIM","additional_sources":[],"coordinate_conflict":false}},{"type":"Feature","geometry":{"type":"Point","coordinates":[9.66314,50.56166]},"properties":{"source_id":"ao-research-sspx-four-district-bulk-sspx-de-de-fulda-mutter-von-der-immerwahrenden-hilfe","precision":"address","approximate":false,"gate":"provisional_site_pin","iso":"DE","source_url":"https://map.fsspx.org/de/places/mutter-v-d-immerwahrenden-hilfe","source_path":"data/directory/generated/v19/sspx-four-district-bulk.geo.v1.json","coordinate_provider":"OFFICIAL_SOURCE","source_ref":"SSPX:MAP:mutter-v-d-immerwahrenden-hilfe","source_method":"EXACT_OFFICIAL_PLACE_SLUG_MATCHING_STREET_ADDRESS_DIRECTIONS_POINT","name":"","affiliation":"SSPX_OR_SOURCE_CLAIM","additional_sources":[],"coordinate_conflict":false}},{"type":"Feature","geometry":{"type":"Point","coordinates":[7.59559,47.57287]},"properties":{"source_id":"ao-research-sspx-four-district-bulk-sspx-ch-ch-basel-chapelle-sainte-therese-de-l-enfant-jesus","precision":"address","approximate":false,"gate":"provisional_site_pin","iso":"CH","source_url":"https://map.fsspx.org/de/places/kapelle-der-heiligen-theresia","source_path":"data/directory/generated/v19/sspx-four-district-bulk.geo.v1.json","coordinate_provider":"OFFICIAL_SOURCE","source_ref":"SSPX:MAP:kapelle-der-heiligen-theresia","source_method":"EXACT_OFFICIAL_PLACE_SLUG_MATCHING_STREET_ADDRESS_DIRECTIONS_POINT","name":"","affiliation":"SSPX_OR_SOURCE_CLAIM","additional_sources":[],"coordinate_conflict":false}},{"type":"Feature","geometry":{"type":"Point","coordinates":[9.63488,52.39585]},"properties":{"source_id":"ao-research-sspx-four-district-bulk-sspx-de-de-hannover-kapelle-hl-ansgar","precision":"address","approximate":false,"gate":"provisional_site_pin","iso":"DE","source_url":"https://map.fsspx.org/de/places/kapelle-st-ansgar","source_path":"data/directory/generated/v19/sspx-four-district-bulk.geo.v1.json","coordinate_provider":"OFFICIAL_SOURCE","source_ref":"SSPX:MAP:kapelle-st-ansgar","source_method":"EXACT_OFFICIAL_PLACE_SLUG_MATCHING_STREET_ADDRESS_DIRECTIONS_POINT","name":"","affiliation":"SSPX_OR_SOURCE_CLAIM","additional_sources":[],"coordinate_conflict":false}},{"type":"Feature","geometry":{"type":"Point","coordinates":[174.67755,-36.88931]},"properties":{"source_id":"ao-research-sspx-four-district-bulk-sspx-anz-nz-auckland-immaculate-heart-of-mary-church","precision":"address","approximate":false,"gate":"provisional_site_pin","iso":"NZ","source_url":"https://map.fsspx.org/de/places/chapel-of-the-immaculate-heart-of-mary-s-john","source_path":"data/directory/generated/v19/sspx-four-district-bulk.geo.v1.json","coordinate_provider":"OFFICIAL_SOURCE","source_ref":"SSPX:MAP:chapel-of-the-immaculate-heart-of-mary-s-john","source_method":"EXACT_OFFICIAL_PLACE_SLUG_MATCHING_STREET_ADDRESS_DIRECTIONS_POINT","name":"","affiliation":"SSPX_OR_SOURCE_CLAIM","additional_sources":[],"coordinate_conflict":false}},{"type":"Feature","geometry":{"type":"Point","coordinates":[8.56998,49.52784]},"properties":{"source_id":"ao-research-sspx-four-district-bulk-sspx-de-de-viernheim-kapelle-hl-josef","precision":"address","approximate":false,"gate":"provisional_site_pin","iso":"DE","source_url":"https://map.fsspx.org/de/places/kapelle-st-josef-viernheim","source_path":"data/directory/generated/v19/sspx-four-district-bulk.geo.v1.json","coordinate_provider":"OFFICIAL_SOURCE","source_ref":"SSPX:MAP:kapelle-st-josef-viernheim","source_method":"EXACT_OFFICIAL_PLACE_SLUG_MATCHING_STREET_ADDRESS_DIRECTIONS_POINT","name":"","affiliation":"SSPX_OR_SOURCE_CLAIM","additional_sources":[],"coordinate_conflict":false}},{"type":"Feature","geometry":{"type":"Point","coordinates":[10.00147,53.60615]},"properties":{"source_id":"ao-research-sspx-four-district-bulk-sspx-de-de-hamburg-kapelle-hl-theresia-von-avila","precision":"address","approximate":false,"gate":"provisional_site_pin","iso":"DE","source_url":"https://map.fsspx.org/de/places/kapelle-st-theresia-von-avila","source_path":"data/directory/generated/v19/sspx-four-district-bulk.geo.v1.json","coordinate_provider":"OFFICIAL_SOURCE","source_ref":"SSPX:MAP:kapelle-st-theresia-von-avila","source_method":"EXACT_OFFICIAL_PLACE_SLUG_MATCHING_STREET_ADDRESS_DIRECTIONS_POINT","name":"","affiliation":"SSPX_OR_SOURCE_CLAIM","additional_sources":[],"coordinate_conflict":false}},{"type":"Feature","geometry":{"type":"Point","coordinates":[8.41631,48.23906]},"properties":{"source_id":"ao-research-sspx-four-district-bulk-sspx-de-de-schramberg-kirche-maria-verkundigung","precision":"address","approximate":false,"gate":"provisional_site_pin","iso":"DE","source_url":"https://map.fsspx.org/de/places/kirche-mariae-verkundigung","source_path":"data/directory/generated/v19/sspx-four-district-bulk.geo.v1.json","coordinate_provider":"OFFICIAL_SOURCE","source_ref":"SSPX:MAP:kirche-mariae-verkundigung","source_method":"EXACT_OFFICIAL_PLACE_SLUG_MATCHING_STREET_ADDRESS_DIRECTIONS_POINT","name":"","affiliation":"SSPX_OR_SOURCE_CLAIM","additional_sources":[],"coordinate_conflict":false}},{"type":"Feature","geometry":{"type":"Point","coordinates":[10.16379,48.00514]},"properties":{"source_id":"ao-research-sspx-four-district-bulk-sspx-de-de-memmingen-kirche-st-josef","precision":"address","approximate":false,"gate":"provisional_site_pin","iso":"DE","source_url":"https://map.fsspx.org/de/places/kirche-st-joseph","source_path":"data/directory/generated/v19/sspx-four-district-bulk.geo.v1.json","coordinate_provider":"OFFICIAL_SOURCE","source_ref":"SSPX:MAP:kirche-st-joseph","source_method":"EXACT_OFFICIAL_PLACE_SLUG_MATCHING_STREET_ADDRESS_DIRECTIONS_POINT","name":"","affiliation":"SSPX_OR_SOURCE_CLAIM","additional_sources":[],"coordinate_conflict":false}},{"type":"Feature","geometry":{"type":"Point","coordinates":[175.26768,-37.75295]},"properties":{"source_id":"ao-research-sspx-four-district-bulk-sspx-anz-nz-hamilton-saint-joseph-s-chapel","precision":"address","approximate":false,"gate":"provisional_site_pin","iso":"NZ","source_url":"https://map.fsspx.org/de/places/chapel-of-st-joseph","source_path":"data/directory/generated/v19/sspx-four-district-bulk.geo.v1.json","coordinate_provider":"OFFICIAL_SOURCE","source_ref":"SSPX:MAP:chapel-of-st-joseph","source_method":"EXACT_OFFICIAL_PLACE_SLUG_ADDRESS_DIRECTIONS_POINT","name":"","affiliation":"SSPX_OR_SOURCE_CLAIM","additional_sources":[],"coordinate_conflict":false}},{"type":"Feature","geometry":{"type":"Point","coordinates":[174.83061,-41.15982]},"properties":{"source_id":"ao-research-sspx-four-district-bulk-sspx-anz-nz-wellington-saint-michael-the-archangel-chapel","precision":"address","approximate":false,"gate":"provisional_site_pin","iso":"NZ","source_url":"https://map.fsspx.org/de/places/chapel-of-st-michael-the-archangel","source_path":"data/directory/generated/v19/sspx-four-district-bulk.geo.v1.json","coordinate_provider":"OFFICIAL_SOURCE","source_ref":"SSPX:MAP:chapel-of-st-michael-the-archangel","source_method":"EXACT_OFFICIAL_PLACE_SLUG_ADDRESS_DIRECTIONS_POINT","name":"","affiliation":"SSPX_OR_SOURCE_CLAIM","additional_sources":[],"coordinate_conflict":false}},{"type":"Feature","geometry":{"type":"Point","coordinates":[7.35754,46.22455]},"properties":{"source_id":"ao-research-sspx-four-district-bulk-sspx-ch-ch-sion-eglise-de-la-sainte-famille","precision":"address","approximate":false,"gate":"provisional_site_pin","iso":"CH","source_url":"https://map.fsspx.org/de/places/chapelle-de-la-sainte-famille","source_path":"data/directory/generated/v19/sspx-four-district-bulk.geo.v1.json","coordinate_provider":"OFFICIAL_SOURCE","source_ref":"SSPX:MAP:chapelle-de-la-sainte-famille","source_method":"EXACT_OFFICIAL_PLACE_SLUG_ADDRESS_DIRECTIONS_POINT","name":"","affiliation":"SSPX_OR_SOURCE_CLAIM","additional_sources":[],"coordinate_conflict":false}},{"type":"Feature","geometry":{"type":"Point","coordinates":[151.17389,-32.56298]},"properties":{"source_id":"ao-research-sspx-four-district-bulk-sspx-anz-au-singleton-sacred-heart-of-jesus-and-mary-church","precision":"address","approximate":false,"gate":"provisional_site_pin","iso":"AU","source_url":"https://map.fsspx.org/de/places/sacred-heart-of-jesus-and-mary-mission","source_path":"data/directory/generated/v19/sspx-four-district-bulk.geo.v1.json","coordinate_provider":"OFFICIAL_SOURCE","source_ref":"SSPX:MAP:sacred-heart-of-jesus-and-mary-mission","source_method":"EXACT_OFFICIAL_PLACE_SLUG_ADDRESS_DIRECTIONS_POINT","name":"","affiliation":"SSPX_OR_SOURCE_CLAIM","additional_sources":[],"coordinate_conflict":false}},{"type":"Feature","geometry":{"type":"Point","coordinates":[10.89042,48.28832]},"properties":{"source_id":"ao-research-sspx-four-district-bulk-sspx-de-de-konigsbrunn-kapelle-mutter-vom-grossen-sieg","precision":"address","approximate":false,"gate":"provisional_site_pin","iso":"DE","source_url":"https://map.fsspx.org/de/places/kapelle-mutter-vom-grossen-sieg","source_path":"data/directory/generated/v19/sspx-four-district-bulk.geo.v1.json","coordinate_provider":"OFFICIAL_SOURCE","source_ref":"SSPX:MAP:kapelle-mutter-vom-grossen-sieg","source_method":"EXACT_OFFICIAL_PLACE_SLUG_AND_EXISTING_REGISTERED_ADDRESS_DIRECTIONS","name":"","affiliation":"SSPX_OR_SOURCE_CLAIM","additional_sources":[],"coordinate_conflict":false}},{"type":"Feature","geometry":{"type":"Point","coordinates":[7.5584,50.35012]},"properties":{"source_id":"ao-research-sspx-four-district-bulk-sspx-de-de-koblenz-kapelle-maria-heimsuchung","precision":"address","approximate":false,"gate":"provisional_site_pin","iso":"DE","source_url":"https://map.fsspx.org/de/places/kapelle-maria-heimsuchung","source_path":"data/directory/generated/v19/sspx-four-district-bulk.geo.v1.json","coordinate_provider":"OFFICIAL_SOURCE","source_ref":"SSPX:MAP:kapelle-maria-heimsuchung","source_method":"EXACT_OFFICIAL_PLACE_SLUG_AND_EXISTING_REGISTERED_ADDRESS_DIRECTIONS","name":"","affiliation":"SSPX_OR_SOURCE_CLAIM","additional_sources":[],"coordinate_conflict":false}},{"type":"Feature","geometry":{"type":"Point","coordinates":[10.36483,47.6569]},"properties":{"source_id":"ao-research-sspx-four-district-bulk-sspx-de-de-sulzberg-kapelle-unbeflecktes-herz-maria","precision":"address","approximate":false,"gate":"provisional_site_pin","iso":"DE","source_url":"https://map.fsspx.org/de/places/kapelle-unbeflecktes-herz-maria","source_path":"data/directory/generated/v19/sspx-four-district-bulk.geo.v1.json","coordinate_provider":"OFFICIAL_SOURCE","source_ref":"SSPX:MAP:kapelle-unbeflecktes-herz-maria","source_method":"EXACT_OFFICIAL_PLACE_SLUG_AND_EXISTING_REGISTERED_ADDRESS_DIRECTIONS","name":"","affiliation":"SSPX_OR_SOURCE_CLAIM","additional_sources":[],"coordinate_conflict":false}},{"type":"Feature","geometry":{"type":"Point","coordinates":[8.25772,52.80277]},"properties":{"source_id":"ao-research-sspx-four-district-bulk-sspx-de-de-hagstedt-kapelle-zu-den-herzen-jesu-u-maria","precision":"address","approximate":false,"gate":"provisional_site_pin","iso":"DE","source_url":"https://map.fsspx.org/de/places/kapelle-zu-den-herzen-jesu-u-maria","source_path":"data/directory/generated/v19/sspx-four-district-bulk.geo.v1.json","coordinate_provider":"OFFICIAL_SOURCE","source_ref":"SSPX:MAP:kapelle-zu-den-herzen-jesu-u-maria","source_method":"EXACT_OFFICIAL_PLACE_SLUG_AND_EXISTING_REGISTERED_ADDRESS_DIRECTIONS","name":"","affiliation":"SSPX_OR_SOURCE_CLAIM","additional_sources":[],"coordinate_conflict":false}},{"type":"Feature","geometry":{"type":"Point","coordinates":[10.62893,47.91157]},"properties":{"source_id":"ao-research-sspx-four-district-bulk-sspx-de-de-kaufbeuren-kapelle-heilige-14-nothelfer","precision":"address","approximate":false,"gate":"provisional_site_pin","iso":"DE","source_url":"https://map.fsspx.org/de/places/kapelle-heilige-14-nothelfer","source_path":"data/directory/generated/v19/sspx-four-district-bulk.geo.v1.json","coordinate_provider":"OFFICIAL_SOURCE","source_ref":"SSPX:MAP:kapelle-heilige-14-nothelfer","source_method":"EXACT_OFFICIAL_PLACE_SLUG_AND_EXISTING_REGISTERED_ADDRESS_DIRECTIONS","name":"","affiliation":"SSPX_OR_SOURCE_CLAIM","additional_sources":[],"coordinate_conflict":false}},{"type":"Feature","geometry":{"type":"Point","coordinates":[9.1577,47.77174]},"properties":{"source_id":"ao-research-sspx-four-district-bulk-sspx-de-de-uberlingen-rosenkranzkonigin","precision":"address","approximate":false,"gate":"provisional_site_pin","iso":"DE","source_url":"https://map.fsspx.org/de/places/kirche-rosenkranzkonigin","source_path":"data/directory/generated/v19/sspx-four-district-bulk.geo.v1.json","coordinate_provider":"OFFICIAL_SOURCE","source_ref":"SSPX:MAP:kirche-rosenkranzkonigin","source_method":"EXACT_OFFICIAL_PLACE_SLUG_AND_EXISTING_REGISTERED_ADDRESS_DIRECTIONS","name":"","affiliation":"SSPX_OR_SOURCE_CLAIM","additional_sources":[],"coordinate_conflict":false}},{"type":"Feature","geometry":{"type":"Point","coordinates":[12.59776,47.94183]},"properties":{"source_id":"ao-research-sspx-four-district-bulk-sspx-de-de-traunwalchen-philomenazentrum","precision":"address","approximate":false,"gate":"provisional_site_pin","iso":"DE","source_url":"https://map.fsspx.org/de/places/philomena-zentrum","source_path":"data/directory/generated/v19/sspx-four-district-bulk.geo.v1.json","coordinate_provider":"OFFICIAL_SOURCE","source_ref":"SSPX:MAP:philomena-zentrum","source_method":"EXACT_OFFICIAL_PLACE_SLUG_AND_EXISTING_REGISTERED_ADDRESS_DIRECTIONS","name":"","affiliation":"SSPX_OR_SOURCE_CLAIM","additional_sources":[],"coordinate_conflict":false}},{"type":"Feature","geometry":{"type":"Point","coordinates":[8.13777,49.36162]},"properties":{"source_id":"ao-research-sspx-four-district-bulk-sspx-de-de-neustadt-kapelle-heilige-familie","precision":"address","approximate":false,"gate":"provisional_site_pin","iso":"DE","source_url":"https://map.fsspx.org/de/places/priorat-heilige-familie","source_path":"data/directory/generated/v19/sspx-four-district-bulk.geo.v1.json","coordinate_provider":"OFFICIAL_SOURCE","source_ref":"SSPX:MAP:priorat-heilige-familie","source_method":"EXACT_OFFICIAL_PLACE_SLUG_AND_EXISTING_REGISTERED_ADDRESS_DIRECTIONS","name":"","affiliation":"SSPX_OR_SOURCE_CLAIM","additional_sources":[],"coordinate_conflict":false}},{"type":"Feature","geometry":{"type":"Point","coordinates":[-2.25415,53.45357]},"properties":{"source_id":"ao-research-sspx-four-district-bulk-sspx-gb-gb-manchester-church-of-saint-pius-x","precision":"address","approximate":false,"gate":"provisional_site_pin","iso":"GB","source_url":"https://map.fsspx.org/de/places/chapel-of-saint-pius-x","source_path":"data/directory/generated/v19/sspx-four-district-bulk.geo.v1.json","coordinate_provider":"OFFICIAL_SOURCE","source_ref":"SSPX:MAP:chapel-of-saint-pius-x","source_method":"EXACT_OFFICIAL_PLACE_SLUG_AND_EXISTING_REGISTERED_ADDRESS_DIRECTIONS","name":"","affiliation":"SSPX_OR_SOURCE_CLAIM","additional_sources":[],"coordinate_conflict":false}},{"type":"Feature","geometry":{"type":"Point","coordinates":[152.97804,-27.5606]},"properties":{"source_id":"ao-research-sspx-four-district-bulk-sspx-anz-au-oxley-our-lady-of-lourdes-church","precision":"address","approximate":false,"gate":"provisional_site_pin","iso":"AU","source_url":"https://map.fsspx.org/de/places/our-lady-of-lourdes-church","source_path":"data/directory/generated/v19/sspx-four-district-bulk.geo.v1.json","coordinate_provider":"OFFICIAL_SOURCE","source_ref":"SSPX:MAP:our-lady-of-lourdes-church","source_method":"EXACT_OFFICIAL_PLACE_SLUG_AND_EXISTING_REGISTERED_ADDRESS_DIRECTIONS","name":"","affiliation":"SSPX_OR_SOURCE_CLAIM","additional_sources":[],"coordinate_conflict":false}},{"type":"Feature","geometry":{"type":"Point","coordinates":[6.1537492,44.521546]},"properties":{"source_id":"ao-research-sspx-france-first-party-sspx-lpl-montgardin-le-laus","precision":"address","approximate":false,"gate":"provisional_site_pin","iso":"FR","source_url":"https://map.fsspx.org/de/places/chapelle-notre-dame-du-rosaire","source_path":"data/directory/generated/v19/sspx-france-first-party.geo.v1.json","coordinate_provider":"OFFICIAL_SOURCE","source_ref":"SSPX:MAP:chapelle-notre-dame-du-rosaire","source_method":"EXACT_OFFICIAL_PLACE_SLUG_CANONICAL_FRANCE_RECORD_ADDRESS","name":"","affiliation":"SSPX_OR_SOURCE_CLAIM","additional_sources":[],"coordinate_conflict":false}},{"type":"Feature","geometry":{"type":"Point","coordinates":[-74.07286,4.62475]},"properties":{"source_id":"ao-research-sspx-global-completion-20261009-sspx-global-20261009-02-capilla-sagrados-corazones-de-jyeus-y-de-maria","precision":"address","approximate":false,"gate":"provisional_site_pin","iso":"CO","source_url":"https://map.fsspx.org/de/places/capilla-sagrados-corazones-de-jyeus-y-de-maria","source_path":"data/directory/generated/v19/sspx-global-completion-20261009.geo.v1.json","coordinate_provider":"OFFICIAL_SOURCE","source_ref":"SSPX:MAP:capilla-sagrados-corazones-de-jyeus-y-de-maria","source_method":"OFFICIAL_PLACE_ID_PHYSICAL_ADDRESS_DIRECTIONS_POINT","name":"","affiliation":"SSPX_OR_SOURCE_CLAIM","additional_sources":[],"coordinate_conflict":false}},{"type":"Feature","geometry":{"type":"Point","coordinates":[-73.12009,7.13043]},"properties":{"source_id":"ao-research-sspx-global-completion-20261009-sspx-global-20261009-03-priorato-santa-teresita-del-nino-jesus","precision":"address","approximate":false,"gate":"provisional_site_pin","iso":"CO","source_url":"https://map.fsspx.org/de/places/priorato-santa-teresita-del-nino-jesus","source_path":"data/directory/generated/v19/sspx-global-completion-20261009.geo.v1.json","coordinate_provider":"OFFICIAL_SOURCE","source_ref":"SSPX:MAP:priorato-santa-teresita-del-nino-jesus","source_method":"OFFICIAL_PLACE_ID_PHYSICAL_ADDRESS_DIRECTIONS_POINT","name":"","affiliation":"SSPX_OR_SOURCE_CLAIM","additional_sources":[],"coordinate_conflict":false}},{"type":"Feature","geometry":{"type":"Point","coordinates":[-58.46641,-34.65618]},"properties":{"source_id":"ao-research-sspx-global-completion-20261009-sspx-global-20261009-04-capilla-san-jose-laferrere-la-matanza","precision":"address","approximate":false,"gate":"provisional_site_pin","iso":"AR","source_url":"https://map.fsspx.org/de/places/capilla-san-jose-laferrere-la-matanza","source_path":"data/directory/generated/v19/sspx-global-completion-20261009.geo.v1.json","coordinate_provider":"OFFICIAL_SOURCE","source_ref":"SSPX:MAP:capilla-san-jose-laferrere-la-matanza","source_method":"OFFICIAL_PLACE_ID_PHYSICAL_ADDRESS_DIRECTIONS_POINT","name":"","affiliation":"SSPX_OR_SOURCE_CLAIM","additional_sources":[],"coordinate_conflict":false}},{"type":"Feature","geometry":{"type":"Point","coordinates":[-57.56755,-25.26688]},"properties":{"source_id":"ao-research-sspx-global-completion-20261009-sspx-global-20261009-05-iglesia-nuestra-senora-de-lourdes","precision":"address","approximate":false,"gate":"provisional_site_pin","iso":"PY","source_url":"https://map.fsspx.org/de/places/iglesia-nuestra-senora-de-lourdes","source_path":"data/directory/generated/v19/sspx-global-completion-20261009.geo.v1.json","coordinate_provider":"OFFICIAL_SOURCE","source_ref":"SSPX:MAP:iglesia-nuestra-senora-de-lourdes","source_method":"OFFICIAL_PLACE_ID_PHYSICAL_ADDRESS_DIRECTIONS_POINT","name":"","affiliation":"SSPX_OR_SOURCE_CLAIM","additional_sources":[],"coordinate_conflict":false}},{"type":"Feature","geometry":{"type":"Point","coordinates":[-0.53731,51.32041]},"properties":{"source_id":"ao-research-sspx-global-completion-20261009-sspx-global-20261009-07-church-of-the-holy-cross","precision":"address","approximate":false,"gate":"provisional_site_pin","iso":"GB","source_url":"https://map.fsspx.org/de/places/church-of-the-holy-cross","source_path":"data/directory/generated/v19/sspx-global-completion-20261009.geo.v1.json","coordinate_provider":"OFFICIAL_SOURCE","source_ref":"SSPX:MAP:church-of-the-holy-cross","source_method":"OFFICIAL_PLACE_ID_PHYSICAL_ADDRESS_DIRECTIONS_POINT","name":"","affiliation":"SSPX_OR_SOURCE_CLAIM","additional_sources":[],"coordinate_conflict":false}},{"type":"Feature","geometry":{"type":"Point","coordinates":[-116.63696,31.86553]},"properties":{"source_id":"ao-research-sspx-mexico-completion-20261009-sspx-mx-comp-20261009-03-mision-ensenada","precision":"address","approximate":false,"gate":"provisional_site_pin","iso":"MX","source_url":"https://map.fsspx.org/de/places/mision-ensenada","source_path":"data/directory/generated/v19/sspx-mexico-completion-20261009.geo.v1.json","coordinate_provider":"OFFICIAL_SOURCE","source_ref":"SSPX:MAP:mision-ensenada","source_method":"EXACT_OFFICIAL_PLACE_SLUG_ADDRESS_AND_DIRECTIONS_DESTINATION","name":"","affiliation":"SSPX_OR_SOURCE_CLAIM","additional_sources":[],"coordinate_conflict":false}},{"type":"Feature","geometry":{"type":"Point","coordinates":[-102.53154,20.74664]},"properties":{"source_id":"ao-research-sspx-mexico-completion-20261009-sspx-mx-comp-20261009-07-mision-s-ignacio","precision":"address","approximate":false,"gate":"provisional_site_pin","iso":"MX","source_url":"https://map.fsspx.org/de/places/mision-s-ignacio","source_path":"data/directory/generated/v19/sspx-mexico-completion-20261009.geo.v1.json","coordinate_provider":"OFFICIAL_SOURCE","source_ref":"SSPX:MAP:mision-s-ignacio","source_method":"EXACT_OFFICIAL_PLACE_SLUG_ADDRESS_AND_DIRECTIONS_DESTINATION","name":"","affiliation":"SSPX_OR_SOURCE_CLAIM","additional_sources":[],"coordinate_conflict":false}},{"type":"Feature","geometry":{"type":"Point","coordinates":[2.5646166,44.3408333]},"properties":{"source_id":"ao-research-sspx-oct26-followup-65-20261009-sspx-oct26-followup-01-chapelle-sainte-emilie-de-rodat-ruols","precision":"address","approximate":false,"gate":"provisional_site_pin","iso":"FR","source_url":"https://map.fsspx.org/de/places/chapelle-sainte-emilie-de-rodat-ruols","source_path":"data/directory/generated/v19/sspx-oct26-followup-65.geo.v1.json","coordinate_provider":"OFFICIAL_SOURCE","source_ref":"SSPX:MAP:chapelle-sainte-emilie-de-rodat-ruols","source_method":"OFFICIAL_PLACE_ID_ADDRESS_AND_DIRECTIONS_DESTINATION","name":"","affiliation":"SSPX_OR_SOURCE_CLAIM","additional_sources":[],"coordinate_conflict":false}},{"type":"Feature","geometry":{"type":"Point","coordinates":[2.0954275,48.9937279]},"properties":{"source_id":"ao-research-sspx-oct26-followup-65-20261009-sspx-oct26-followup-02-chapelle-ste-honorine","precision":"address","approximate":false,"gate":"provisional_site_pin","iso":"FR","source_url":"https://map.fsspx.org/de/places/chapelle-ste-honorine","source_path":"data/directory/generated/v19/sspx-oct26-followup-65.geo.v1.json","coordinate_provider":"OFFICIAL_SOURCE","source_ref":"SSPX:MAP:chapelle-ste-honorine","source_method":"OFFICIAL_PLACE_ID_ADDRESS_AND_DIRECTIONS_DESTINATION","name":"","affiliation":"SSPX_OR_SOURCE_CLAIM","additional_sources":[],"coordinate_conflict":false}},{"type":"Feature","geometry":{"type":"Point","coordinates":[3.1345919,44.0123793]},"properties":{"source_id":"ao-research-sspx-oct26-followup-65-20261009-sspx-oct26-followup-03-chateau-de-cabanous","precision":"address","approximate":false,"gate":"provisional_site_pin","iso":"FR","source_url":"https://map.fsspx.org/de/places/chateau-de-cabanous","source_path":"data/directory/generated/v19/sspx-oct26-followup-65.geo.v1.json","coordinate_provider":"OFFICIAL_SOURCE","source_ref":"SSPX:MAP:chateau-de-cabanous","source_method":"OFFICIAL_PLACE_ID_ADDRESS_AND_DIRECTIONS_DESTINATION","name":"","affiliation":"SSPX_OR_SOURCE_CLAIM","additional_sources":[],"coordinate_conflict":false}},{"type":"Feature","geometry":{"type":"Point","coordinates":[8.7923133,41.9825986]},"properties":{"source_id":"ao-research-sspx-oct26-followup-65-20261009-sspx-oct26-followup-04-prieure-n-d-de-la-misericorde","precision":"address","approximate":false,"gate":"provisional_site_pin","iso":"FR","source_url":"https://map.fsspx.org/de/places/prieure-n-d-de-la-misericorde","source_path":"data/directory/generated/v19/sspx-oct26-followup-65.geo.v1.json","coordinate_provider":"OFFICIAL_SOURCE","source_ref":"SSPX:MAP:prieure-n-d-de-la-misericorde","source_method":"OFFICIAL_PLACE_ID_ADDRESS_AND_DIRECTIONS_DESTINATION","name":"","affiliation":"SSPX_OR_SOURCE_CLAIM","additional_sources":[],"coordinate_conflict":false}},{"type":"Feature","geometry":{"type":"Point","coordinates":[16.40744,41.16122]},"properties":{"source_id":"ao-research-sspx-oct26-followup-65-20261009-sspx-oct26-followup-05-chiesa-madonna-di-san-giovanni","precision":"address","approximate":false,"gate":"provisional_site_pin","iso":"IT","source_url":"https://map.fsspx.org/de/places/chiesa-madonna-di-san-giovanni","source_path":"data/directory/generated/v19/sspx-oct26-followup-65.geo.v1.json","coordinate_provider":"OFFICIAL_SOURCE","source_ref":"SSPX:MAP:chiesa-madonna-di-san-giovanni","source_method":"OFFICIAL_PLACE_ID_ADDRESS_AND_DIRECTIONS_DESTINATION","name":"","affiliation":"SSPX_OR_SOURCE_CLAIM","additional_sources":[],"coordinate_conflict":false}},{"type":"Feature","geometry":{"type":"Point","coordinates":[7.71493,47.2887]},"properties":{"source_id":"ao-research-sspx-oct26-followup-65-20261009-sspx-oct26-followup-06-herz-jesu-kirche","precision":"address","approximate":false,"gate":"provisional_site_pin","iso":"CH","source_url":"https://map.fsspx.org/de/places/herz-jesu-kirche","source_path":"data/directory/generated/v19/sspx-oct26-followup-65.geo.v1.json","coordinate_provider":"OFFICIAL_SOURCE","source_ref":"SSPX:MAP:herz-jesu-kirche","source_method":"OFFICIAL_PLACE_ID_ADDRESS_AND_DIRECTIONS_DESTINATION","name":"","affiliation":"SSPX_OR_SOURCE_CLAIM","additional_sources":[],"coordinate_conflict":false}},{"type":"Feature","geometry":{"type":"Point","coordinates":[6.07151,50.84867]},"properties":{"source_id":"ao-research-sspx-oct26-followup-65-20261009-sspx-oct26-followup-07-gemeinde-st-petrus-canisius","precision":"address","approximate":false,"gate":"provisional_site_pin","iso":"NL","source_url":"https://map.fsspx.org/de/places/gemeinde-st-petrus-canisius","source_path":"data/directory/generated/v19/sspx-oct26-followup-65.geo.v1.json","coordinate_provider":"OFFICIAL_SOURCE","source_ref":"SSPX:MAP:gemeinde-st-petrus-canisius","source_method":"OFFICIAL_PLACE_ID_ADDRESS_AND_DIRECTIONS_DESTINATION","name":"","affiliation":"SSPX_OR_SOURCE_CLAIM","additional_sources":[],"coordinate_conflict":false}},{"type":"Feature","geometry":{"type":"Point","coordinates":[20.50673,53.76192]},"properties":{"source_id":"ao-research-sspx-oct26-poland-sspx-oct26-pl-olsztyn-kaplica-matki-bozej-ostrobramskiej","precision":"address","approximate":false,"gate":"provisional_site_pin","iso":"PL","source_url":"https://map.fsspx.org/de/places/kaplica-p-w-matki-bozej-ostrobramskiej","source_path":"data/directory/generated/v19/sspx-oct26-poland.geo.v1.json","coordinate_provider":"OFFICIAL_SOURCE","source_ref":"SSPX:MAP:kaplica-p-w-matki-bozej-ostrobramskiej","source_method":"EXACT_OFFICIAL_PLACE_SLUG_MATCHING_STREET_ADDRESS_DIRECTIONS_POINT","name":"","affiliation":"SSPX_OR_SOURCE_CLAIM","additional_sources":[],"coordinate_conflict":false}},{"type":"Feature","geometry":{"type":"Point","coordinates":[14.54083,53.43633]},"properties":{"source_id":"ao-research-sspx-oct26-poland-sspx-oct26-pl-szczecin-kaplica-sw-wojciecha","precision":"address","approximate":false,"gate":"provisional_site_pin","iso":"PL","source_url":"https://map.fsspx.org/de/places/kaplica-p-w-sw-wojciecha","source_path":"data/directory/generated/v19/sspx-oct26-poland.geo.v1.json","coordinate_provider":"OFFICIAL_SOURCE","source_ref":"SSPX:MAP:kaplica-p-w-sw-wojciecha","source_method":"EXACT_OFFICIAL_PLACE_SLUG_MATCHING_STREET_ADDRESS_DIRECTIONS_POINT","name":"","affiliation":"SSPX_OR_SOURCE_CLAIM","additional_sources":[],"coordinate_conflict":false}},{"type":"Feature","geometry":{"type":"Point","coordinates":[16.75744,53.16005]},"properties":{"source_id":"ao-research-sspx-oct26-poland-sspx-oct26-pl-pi-a-kaplica-sw-jana-chrzciciela-i-sw-jana-ewan","precision":"address","approximate":false,"gate":"provisional_site_pin","iso":"PL","source_url":"https://map.fsspx.org/de/places/kaplica-pi-a","source_path":"data/directory/generated/v19/sspx-oct26-poland.geo.v1.json","coordinate_provider":"OFFICIAL_SOURCE","source_ref":"SSPX:MAP:kaplica-pi-a","source_method":"EXACT_OFFICIAL_PLACE_SLUG_MATCHING_STREET_ADDRESS_DIRECTIONS_POINT","name":"","affiliation":"SSPX_OR_SOURCE_CLAIM","additional_sources":[],"coordinate_conflict":false}},{"type":"Feature","geometry":{"type":"Point","coordinates":[17.02565,51.12748]},"properties":{"source_id":"ao-research-sspx-oct26-poland-sspx-oct26-pl-wroc-aw-kaplica-sw-jadwigi-slaskiej","precision":"address","approximate":false,"gate":"provisional_site_pin","iso":"PL","source_url":"https://map.fsspx.org/de/places/kaplica-pw-sw-jadwigi-slaskiej","source_path":"data/directory/generated/v19/sspx-oct26-poland.geo.v1.json","coordinate_provider":"OFFICIAL_SOURCE","source_ref":"SSPX:MAP:kaplica-pw-sw-jadwigi-slaskiej","source_method":"EXACT_OFFICIAL_PLACE_SLUG_MATCHING_STREET_ADDRESS_DIRECTIONS_POINT","name":"","affiliation":"SSPX_OR_SOURCE_CLAIM","additional_sources":[],"coordinate_conflict":false}},{"type":"Feature","geometry":{"type":"Point","coordinates":[20.6956,49.60833]},"properties":{"source_id":"ao-research-sspx-oct26-poland-sspx-oct26-pl-nowy-sacz-kaplica-sw-kingi","precision":"address","approximate":false,"gate":"provisional_site_pin","iso":"PL","source_url":"https://map.fsspx.org/de/places/kaplica-pw-sw-kingi","source_path":"data/directory/generated/v19/sspx-oct26-poland.geo.v1.json","coordinate_provider":"OFFICIAL_SOURCE","source_ref":"SSPX:MAP:kaplica-pw-sw-kingi","source_method":"EXACT_OFFICIAL_PLACE_SLUG_MATCHING_STREET_ADDRESS_DIRECTIONS_POINT","name":"","affiliation":"SSPX_OR_SOURCE_CLAIM","additional_sources":[],"coordinate_conflict":false}},{"type":"Feature","geometry":{"type":"Point","coordinates":[19.46012,51.7396]},"properties":{"source_id":"ao-research-sspx-oct26-poland-sspx-oct26-pl-odz-kaplica-sw-piusa-v","precision":"address","approximate":false,"gate":"provisional_site_pin","iso":"PL","source_url":"https://map.fsspx.org/de/places/kaplica-pw-sw-piusa-v","source_path":"data/directory/generated/v19/sspx-oct26-poland.geo.v1.json","coordinate_provider":"OFFICIAL_SOURCE","source_ref":"SSPX:MAP:kaplica-pw-sw-piusa-v","source_method":"EXACT_OFFICIAL_PLACE_SLUG_MATCHING_STREET_ADDRESS_DIRECTIONS_POINT","name":"","affiliation":"SSPX_OR_SOURCE_CLAIM","additional_sources":[],"coordinate_conflict":false}},{"type":"Feature","geometry":{"type":"Point","coordinates":[17.02724,54.473]},"properties":{"source_id":"ao-research-sspx-oct26-poland-sspx-oct26-pl-s-upsk-kaplica-sw-ignacego-loyoli","precision":"address","approximate":false,"gate":"provisional_site_pin","iso":"PL","source_url":"https://map.fsspx.org/de/places/kaplica-pw-sw-ignacego-loyoli","source_path":"data/directory/generated/v19/sspx-oct26-poland.geo.v1.json","coordinate_provider":"OFFICIAL_SOURCE","source_ref":"SSPX:MAP:kaplica-pw-sw-ignacego-loyoli","source_method":"EXACT_OFFICIAL_PLACE_SLUG_MATCHING_STREET_ADDRESS_DIRECTIONS_POINT","name":"","affiliation":"SSPX_OR_SOURCE_CLAIM","additional_sources":[],"coordinate_conflict":false}},{"type":"Feature","geometry":{"type":"Point","coordinates":[18.99565,49.81971]},"properties":{"source_id":"ao-research-sspx-oct26-poland-sspx-oct26-pl-bielsko-bia-a-kaplica-sw-melchiora-grodzieckiego","precision":"address","approximate":false,"gate":"provisional_site_pin","iso":"PL","source_url":"https://map.fsspx.org/de/places/kaplica-pw-sw-melchiora-grodzieckiego","source_path":"data/directory/generated/v19/sspx-oct26-poland.geo.v1.json","coordinate_provider":"OFFICIAL_SOURCE","source_ref":"SSPX:MAP:kaplica-pw-sw-melchiora-grodzieckiego","source_method":"EXACT_OFFICIAL_PLACE_SLUG_MATCHING_STREET_ADDRESS_DIRECTIONS_POINT","name":"","affiliation":"SSPX_OR_SOURCE_CLAIM","additional_sources":[],"coordinate_conflict":false}},{"type":"Feature","geometry":{"type":"Point","coordinates":[23.25774,50.72342]},"properties":{"source_id":"ao-research-sspx-oct26-poland-sspx-oct26-pl-zamosc-kaplica-sw-antoniego-padewskiego","precision":"address","approximate":false,"gate":"provisional_site_pin","iso":"PL","source_url":"https://map.fsspx.org/de/places/kaplica-sw-antoniego-z-padwy","source_path":"data/directory/generated/v19/sspx-oct26-poland.geo.v1.json","coordinate_provider":"OFFICIAL_SOURCE","source_ref":"SSPX:MAP:kaplica-sw-antoniego-z-padwy","source_method":"EXACT_OFFICIAL_PLACE_SLUG_MATCHING_STREET_ADDRESS_DIRECTIONS_POINT","name":"","affiliation":"SSPX_OR_SOURCE_CLAIM","additional_sources":[],"coordinate_conflict":false}},{"type":"Feature","geometry":{"type":"Point","coordinates":[20.63083,50.86629]},"properties":{"source_id":"ao-research-sspx-oct26-poland-sspx-oct26-pl-kielce-kaplica-swietego-krzyza","precision":"address","approximate":false,"gate":"provisional_site_pin","iso":"PL","source_url":"https://map.fsspx.org/de/places/kaplica-sw-krzyza","source_path":"data/directory/generated/v19/sspx-oct26-poland.geo.v1.json","coordinate_provider":"OFFICIAL_SOURCE","source_ref":"SSPX:MAP:kaplica-sw-krzyza","source_method":"EXACT_OFFICIAL_PLACE_SLUG_MATCHING_STREET_ADDRESS_DIRECTIONS_POINT","name":"","affiliation":"SSPX_OR_SOURCE_CLAIM","additional_sources":[],"coordinate_conflict":false}},{"type":"Feature","geometry":{"type":"Point","coordinates":[15.49516,51.95989]},"properties":{"source_id":"ao-research-sspx-oct26-poland-sspx-oct26-pl-zielona-gora-kaplica-swietych-pieciu-braci-meczennikow","precision":"address","approximate":false,"gate":"provisional_site_pin","iso":"PL","source_url":"https://map.fsspx.org/de/places/kaplica-zielona-gora","source_path":"data/directory/generated/v19/sspx-oct26-poland.geo.v1.json","coordinate_provider":"OFFICIAL_SOURCE","source_ref":"SSPX:MAP:kaplica-zielona-gora","source_method":"EXACT_OFFICIAL_PLACE_SLUG_MATCHING_STREET_ADDRESS_DIRECTIONS_POINT","name":"","affiliation":"SSPX_OR_SOURCE_CLAIM","additional_sources":[],"coordinate_conflict":false}},{"type":"Feature","geometry":{"type":"Point","coordinates":[13.48102,48.57101]},"properties":{"source_id":"ao-research-sspx-official-route-oct26-20261009-sspx-sspxmap-20261009-de-passau-rosenkranz","precision":"address","approximate":false,"gate":"provisional_site_pin","iso":"DE","source_url":"https://map.fsspx.org/de/places/rosenkranz-kapelle","source_path":"data/directory/generated/v19/sspx-official-route-oct26-20261009.geo.v1.json","coordinate_provider":"OFFICIAL_SOURCE","source_ref":"SSPX:MAP:rosenkranz-kapelle","source_method":"EXACT_OFFICIAL_PLACE_SLUG_AND_ROUTE_DESTINATION_ADDRESS","name":"","affiliation":"SSPX_OR_SOURCE_CLAIM","additional_sources":[],"coordinate_conflict":false}},{"type":"Feature","geometry":{"type":"Point","coordinates":[6.0918546,46.5098681]},"properties":{"source_id":"ao-research-sspx-official-route-oct26-20261009-sspx-sspxmap-20261009-fr-les-rousses-nd-lourdes","precision":"address","approximate":false,"gate":"provisional_site_pin","iso":"FR","source_url":"https://map.fsspx.org/de/places/chapelle-notre-dame-de-lourdes","source_path":"data/directory/generated/v19/sspx-official-route-oct26-20261009.geo.v1.json","coordinate_provider":"OFFICIAL_SOURCE","source_ref":"SSPX:MAP:chapelle-notre-dame-de-lourdes","source_method":"EXACT_OFFICIAL_PLACE_SLUG_AND_ROUTE_DESTINATION_ADDRESS","name":"","affiliation":"SSPX_OR_SOURCE_CLAIM","additional_sources":[],"coordinate_conflict":false}},{"type":"Feature","geometry":{"type":"Point","coordinates":[5.52594,60.42097]},"properties":{"source_id":"ao-research-sspx-priority-europe-pacific-20261009-sspx-priority-20261009-01-bergen","precision":"address","approximate":false,"gate":"provisional_site_pin","iso":"NO","source_url":"https://map.fsspx.org/de/places/bergen","source_path":"data/directory/generated/v19/sspx-priority-europe-pacific-20261009.geo.v1.json","coordinate_provider":"OFFICIAL_SOURCE","source_ref":"SSPX:MAP:bergen","source_method":"EXACT_OFFICIAL_PLACE_SLUG_ADDRESS_AND_DIRECTIONS_DESTINATION","name":"","affiliation":"SSPX_OR_SOURCE_CLAIM","additional_sources":[],"coordinate_conflict":false}},{"type":"Feature","geometry":{"type":"Point","coordinates":[30.35201,59.94513]},"properties":{"source_id":"ao-research-sspx-priority-europe-pacific-20261009-sspx-priority-20261009-02-chapel-of-ol-of-fatima","precision":"address","approximate":false,"gate":"provisional_site_pin","iso":"RU","source_url":"https://map.fsspx.org/de/places/chapel-of-ol-of-fatima","source_path":"data/directory/generated/v19/sspx-priority-europe-pacific-20261009.geo.v1.json","coordinate_provider":"OFFICIAL_SOURCE","source_ref":"SSPX:MAP:chapel-of-ol-of-fatima","source_method":"EXACT_OFFICIAL_PLACE_SLUG_ADDRESS_AND_DIRECTIONS_DESTINATION","name":"","affiliation":"SSPX_OR_SOURCE_CLAIM","additional_sources":[],"coordinate_conflict":false}},{"type":"Feature","geometry":{"type":"Point","coordinates":[37.70479,55.77082]},"properties":{"source_id":"ao-research-sspx-priority-europe-pacific-20261009-sspx-priority-20261009-03-chapel-of-the-immaculate-heart-of-mary","precision":"address","approximate":false,"gate":"provisional_site_pin","iso":"RU","source_url":"https://map.fsspx.org/de/places/chapel-of-the-immaculate-heart-of-mary","source_path":"data/directory/generated/v19/sspx-priority-europe-pacific-20261009.geo.v1.json","coordinate_provider":"OFFICIAL_SOURCE","source_ref":"SSPX:MAP:chapel-of-the-immaculate-heart-of-mary","source_method":"EXACT_OFFICIAL_PLACE_SLUG_ADDRESS_AND_DIRECTIONS_DESTINATION","name":"","affiliation":"SSPX_OR_SOURCE_CLAIM","additional_sources":[],"coordinate_conflict":false}},{"type":"Feature","geometry":{"type":"Point","coordinates":[27.52274,53.88686]},"properties":{"source_id":"ao-research-sspx-priority-europe-pacific-20261009-sspx-priority-20261009-04-chapel-of-the-sacred-heart","precision":"address","approximate":false,"gate":"provisional_site_pin","iso":"BY","source_url":"https://map.fsspx.org/de/places/chapel-of-the-sacred-heart","source_path":"data/directory/generated/v19/sspx-priority-europe-pacific-20261009.geo.v1.json","coordinate_provider":"OFFICIAL_SOURCE","source_ref":"SSPX:MAP:chapel-of-the-sacred-heart","source_method":"EXACT_OFFICIAL_PLACE_SLUG_ADDRESS_AND_DIRECTIONS_DESTINATION","name":"","affiliation":"SSPX_OR_SOURCE_CLAIM","additional_sources":[],"coordinate_conflict":false}},{"type":"Feature","geometry":{"type":"Point","coordinates":[10.63982,59.92623]},"properties":{"source_id":"ao-research-sspx-priority-europe-pacific-20261009-sspx-priority-20261009-05-chapelle-saint-olaf","precision":"address","approximate":false,"gate":"provisional_site_pin","iso":"NO","source_url":"https://map.fsspx.org/de/places/chapelle-saint-olaf","source_path":"data/directory/generated/v19/sspx-priority-europe-pacific-20261009.geo.v1.json","coordinate_provider":"OFFICIAL_SOURCE","source_ref":"SSPX:MAP:chapelle-saint-olaf","source_method":"EXACT_OFFICIAL_PLACE_SLUG_ADDRESS_AND_DIRECTIONS_DESTINATION","name":"","affiliation":"SSPX_OR_SOURCE_CLAIM","additional_sources":[],"coordinate_conflict":false}},{"type":"Feature","geometry":{"type":"Point","coordinates":[24.64319,59.37221]},"properties":{"source_id":"ao-research-sspx-priority-europe-pacific-20261009-sspx-priority-20261009-06-church-of-the-immaculate-heart-of-mary","precision":"address","approximate":false,"gate":"provisional_site_pin","iso":"EE","source_url":"https://map.fsspx.org/de/places/church-of-the-immaculate-heart-of-mary","source_path":"data/directory/generated/v19/sspx-priority-europe-pacific-20261009.geo.v1.json","coordinate_provider":"OFFICIAL_SOURCE","source_ref":"SSPX:MAP:church-of-the-immaculate-heart-of-mary","source_method":"EXACT_OFFICIAL_PLACE_SLUG_ADDRESS_AND_DIRECTIONS_DESTINATION","name":"","affiliation":"SSPX_OR_SOURCE_CLAIM","additional_sources":[],"coordinate_conflict":false}},{"type":"Feature","geometry":{"type":"Point","coordinates":[24.05855,56.95202]},"properties":{"source_id":"ao-research-sspx-priority-europe-pacific-20261009-sspx-priority-20261009-07-spiritual-centre-of-saint-berthold","precision":"address","approximate":false,"gate":"provisional_site_pin","iso":"LV","source_url":"https://map.fsspx.org/de/places/spiritual-centre-of-saint-berthold","source_path":"data/directory/generated/v19/sspx-priority-europe-pacific-20261009.geo.v1.json","coordinate_provider":"OFFICIAL_SOURCE","source_ref":"SSPX:MAP:spiritual-centre-of-saint-berthold","source_method":"EXACT_OFFICIAL_PLACE_SLUG_ADDRESS_AND_DIRECTIONS_DESTINATION","name":"","affiliation":"SSPX_OR_SOURCE_CLAIM","additional_sources":[],"coordinate_conflict":false}},{"type":"Feature","geometry":{"type":"Point","coordinates":[23.32534,55.93698]},"properties":{"source_id":"ao-research-sspx-priority-europe-pacific-20261009-sspx-priority-20261009-08-sv-juozapo-koplycia","precision":"address","approximate":false,"gate":"provisional_site_pin","iso":"LT","source_url":"https://map.fsspx.org/de/places/sv-juozapo-koplycia","source_path":"data/directory/generated/v19/sspx-priority-europe-pacific-20261009.geo.v1.json","coordinate_provider":"OFFICIAL_SOURCE","source_ref":"SSPX:MAP:sv-juozapo-koplycia","source_method":"EXACT_OFFICIAL_PLACE_SLUG_ADDRESS_AND_DIRECTIONS_DESTINATION","name":"","affiliation":"SSPX_OR_SOURCE_CLAIM","additional_sources":[],"coordinate_conflict":false}},{"type":"Feature","geometry":{"type":"Point","coordinates":[25.25859,54.68018]},"properties":{"source_id":"ao-research-sspx-priority-europe-pacific-20261009-sspx-priority-20261009-09-svc-mergeles-marijos-rozancines-koplycia","precision":"address","approximate":false,"gate":"provisional_site_pin","iso":"LT","source_url":"https://map.fsspx.org/de/places/svc-mergeles-marijos-rozancines-koplycia","source_path":"data/directory/generated/v19/sspx-priority-europe-pacific-20261009.geo.v1.json","coordinate_provider":"OFFICIAL_SOURCE","source_ref":"SSPX:MAP:svc-mergeles-marijos-rozancines-koplycia","source_method":"EXACT_OFFICIAL_PLACE_SLUG_ADDRESS_AND_DIRECTIONS_DESTINATION","name":"","affiliation":"SSPX_OR_SOURCE_CLAIM","additional_sources":[],"coordinate_conflict":false}},{"type":"Feature","geometry":{"type":"Point","coordinates":[166.4191478491307,-22.13606819141412]},"properties":{"source_id":"ao-research-sspx-priority-europe-pacific-20261009-sspx-priority-20261009-10-chapelle-saint-joseph-paita","precision":"address","approximate":false,"gate":"provisional_site_pin","iso":"NC","source_url":"https://map.fsspx.org/de/places/chapelle-saint-joseph-paita","source_path":"data/directory/generated/v19/sspx-priority-europe-pacific-20261009.geo.v1.json","coordinate_provider":"OFFICIAL_SOURCE","source_ref":"SSPX:MAP:chapelle-saint-joseph-paita","source_method":"EXACT_OFFICIAL_PLACE_SLUG_ADDRESS_AND_DIRECTIONS_DESTINATION","name":"","affiliation":"SSPX_OR_SOURCE_CLAIM","additional_sources":[],"coordinate_conflict":false}},{"type":"Feature","geometry":{"type":"Point","coordinates":[149.41635,-33.03708]},"properties":{"source_id":"ao-research-sspx-priority-europe-pacific-20261009-sspx-priority-20261009-11-hill-end","precision":"address","approximate":false,"gate":"provisional_site_pin","iso":"AU","source_url":"https://map.fsspx.org/de/places/hill-end","source_path":"data/directory/generated/v19/sspx-priority-europe-pacific-20261009.geo.v1.json","coordinate_provider":"OFFICIAL_SOURCE","source_ref":"SSPX:MAP:hill-end","source_method":"EXACT_OFFICIAL_PLACE_SLUG_ADDRESS_AND_DIRECTIONS_DESTINATION","name":"","affiliation":"SSPX_OR_SOURCE_CLAIM","additional_sources":[],"coordinate_conflict":false}},{"type":"Feature","geometry":{"type":"Point","coordinates":[14.4172742,50.072148]},"properties":{"source_id":"ao-research-una-voce-cz-current-20261010-uvcz-r20-praha-emauzy","precision":"street","approximate":true,"gate":"provisional_site_pin","iso":"CZ","source_url":"https://www.unavoce.cz/kostely/praha/praha-emauzy","source_path":"data/directory/generated/v19/una-voce-czech-round20-20261010.geo.v1.json","coordinate_provider":"OTHER","source_ref":"uvcz-source-map:UVCZ-R20-PRAHA-EMAUZY","source_method":"","name":"","affiliation":"UNA_VOCE_SOURCE","additional_sources":[],"coordinate_conflict":false}},{"type":"Feature","geometry":{"type":"Point","coordinates":[14.4283985,50.0687817]},"properties":{"source_id":"ao-research-una-voce-cz-current-20261010-uvcz-r20-praha-karlov","precision":"street","approximate":true,"gate":"provisional_site_pin","iso":"CZ","source_url":"https://www.unavoce.cz/kostely/praha/praha-karlov","source_path":"data/directory/generated/v19/una-voce-czech-round20-20261010.geo.v1.json","coordinate_provider":"OTHER","source_ref":"uvcz-source-map:UVCZ-R20-PRAHA-KARLOV","source_method":"","name":"","affiliation":"UNA_VOCE_SOURCE","additional_sources":[],"coordinate_conflict":false}},{"type":"Feature","geometry":{"type":"Point","coordinates":[14.4342063,50.0912097]},"properties":{"source_id":"ao-research-una-voce-cz-current-20261010-uvcz-r20-praha-st-peter-porici","precision":"street","approximate":true,"gate":"provisional_site_pin","iso":"CZ","source_url":"https://www.unavoce.cz/kostely/praha/praha-sv-petr-porici","source_path":"data/directory/generated/v19/una-voce-czech-round20-20261010.geo.v1.json","coordinate_provider":"OTHER","source_ref":"uvcz-source-map:UVCZ-R20-PRAHA-ST-PETER-PORICI","source_method":"","name":"","affiliation":"UNA_VOCE_SOURCE","additional_sources":[],"coordinate_conflict":false}},{"type":"Feature","geometry":{"type":"Point","coordinates":[14.4151868,50.078598]},"properties":{"source_id":"ao-research-una-voce-cz-current-20261010-uvcz-r20-praha-st-vojtech","precision":"street","approximate":true,"gate":"provisional_site_pin","iso":"CZ","source_url":"https://www.unavoce.cz/kostely/praha/praha-sv-vojtech","source_path":"data/directory/generated/v19/una-voce-czech-round20-20261010.geo.v1.json","coordinate_provider":"OTHER","source_ref":"uvcz-source-map:UVCZ-R20-PRAHA-ST-VOJTECH","source_method":"","name":"","affiliation":"UNA_VOCE_SOURCE","additional_sources":[],"coordinate_conflict":false}},{"type":"Feature","geometry":{"type":"Point","coordinates":[13.054727,50.4400044]},"properties":{"source_id":"ao-research-una-voce-cz-current-20261010-uvcz-r20-kovarska-st-michael","precision":"street","approximate":true,"gate":"provisional_site_pin","iso":"CZ","source_url":"https://www.unavoce.cz/kostely/litomerice/kovarska","source_path":"data/directory/generated/v19/una-voce-czech-round20-20261010.geo.v1.json","coordinate_provider":"OTHER","source_ref":"uvcz-source-map:UVCZ-R20-KOVARSKA-ST-MICHAEL","source_method":"","name":"","affiliation":"UNA_VOCE_SOURCE","additional_sources":[],"coordinate_conflict":false}},{"type":"Feature","geometry":{"type":"Point","coordinates":[13.0298485,50.4947772]},"properties":{"source_id":"ao-research-una-voce-cz-current-20261010-uvcz-r20-vejprty-all-saints","precision":"street","approximate":true,"gate":"provisional_site_pin","iso":"CZ","source_url":"https://www.unavoce.cz/kostely/litomerice/vejprty-vsech-svatych","source_path":"data/directory/generated/v19/una-voce-czech-round20-20261010.geo.v1.json","coordinate_provider":"OTHER","source_ref":"uvcz-source-map:UVCZ-R20-VEJPRTY-ALL-SAINTS","source_method":"","name":"","affiliation":"UNA_VOCE_SOURCE","additional_sources":[],"coordinate_conflict":false}},{"type":"Feature","geometry":{"type":"Point","coordinates":[14.3068806,48.620966]},"properties":{"source_id":"ao-research-una-voce-cz-current-20261010-uvcz-r20-vyssi-brod-assumption","precision":"street","approximate":true,"gate":"provisional_site_pin","iso":"CZ","source_url":"https://www.unavoce.cz/kostely/ceske-budejovice/vyssi-brod","source_path":"data/directory/generated/v19/una-voce-czech-round20-20261010.geo.v1.json","coordinate_provider":"OTHER","source_ref":"uvcz-source-map:UVCZ-R20-VYSSI-BROD-ASSUMPTION","source_method":"","name":"","affiliation":"UNA_VOCE_SOURCE","additional_sources":[],"coordinate_conflict":false}},{"type":"Feature","geometry":{"type":"Point","coordinates":[16.6068653,49.1936274]},"properties":{"source_id":"ao-research-una-voce-cz-current-20261010-uvcz-r20-brno-st-michael","precision":"street","approximate":true,"gate":"provisional_site_pin","iso":"CZ","source_url":"https://www.unavoce.cz/kostely/brno/brno-sv-michal","source_path":"data/directory/generated/v19/una-voce-czech-round20-20261010.geo.v1.json","coordinate_provider":"OTHER","source_ref":"uvcz-source-map:UVCZ-R20-BRNO-ST-MICHAEL","source_method":"","name":"","affiliation":"UNA_VOCE_SOURCE","additional_sources":[],"coordinate_conflict":false}},{"type":"Feature","geometry":{"type":"Point","coordinates":[15.590954,49.396645]},"properties":{"source_id":"ao-research-una-voce-cz-current-20261010-uvcz-r20-jihlava-st-ignatius","precision":"street","approximate":true,"gate":"provisional_site_pin","iso":"CZ","source_url":"https://www.unavoce.cz/kostely/brno/jihlava","source_path":"data/directory/generated/v19/una-voce-czech-round20-20261010.geo.v1.json","coordinate_provider":"OTHER","source_ref":"uvcz-source-map:UVCZ-R20-JIHLAVA-ST-IGNATIUS","source_method":"","name":"","affiliation":"UNA_VOCE_SOURCE","additional_sources":[],"coordinate_conflict":false}},{"type":"Feature","geometry":{"type":"Point","coordinates":[17.4083566,49.0450323]},"properties":{"source_id":"ao-research-una-voce-cz-current-20261010-uvcz-r20-kostelany-st-florian","precision":"street","approximate":true,"gate":"provisional_site_pin","iso":"CZ","source_url":"https://www.unavoce.cz/kostely/olomouc/kostelany-nad-moravou","source_path":"data/directory/generated/v19/una-voce-czech-round20-20261010.geo.v1.json","coordinate_provider":"OTHER","source_ref":"uvcz-source-map:UVCZ-R20-KOSTELANY-ST-FLORIAN","source_method":"","name":"","affiliation":"UNA_VOCE_SOURCE","additional_sources":[],"coordinate_conflict":false}},{"type":"Feature","geometry":{"type":"Point","coordinates":[17.1167665,49.4731377]},"properties":{"source_id":"ao-research-una-voce-cz-current-20261010-uvcz-r20-prostejov-st-john-nepomucene","precision":"street","approximate":true,"gate":"provisional_site_pin","iso":"CZ","source_url":"https://www.unavoce.cz/kostely/olomouc/prostejov","source_path":"data/directory/generated/v19/una-voce-czech-round20-20261010.geo.v1.json","coordinate_provider":"OTHER","source_ref":"uvcz-source-map:UVCZ-R20-PROSTEJOV-ST-JOHN-NEPOMUCENE","source_method":"","name":"","affiliation":"UNA_VOCE_SOURCE","additional_sources":[],"coordinate_conflict":false}},{"type":"Feature","geometry":{"type":"Point","coordinates":[17.3334395,49.0489678]},"properties":{"source_id":"ao-research-una-voce-cz-current-20261010-uvcz-r20-tucapy-cyril-methodius","precision":"street","approximate":true,"gate":"provisional_site_pin","iso":"CZ","source_url":"https://www.unavoce.cz/kostely/olomouc/tucapy","source_path":"data/directory/generated/v19/una-voce-czech-round20-20261010.geo.v1.json","coordinate_provider":"OTHER","source_ref":"uvcz-source-map:UVCZ-R20-TUCAPY-CYRIL-METHODIUS","source_method":"","name":"","affiliation":"UNA_VOCE_SOURCE","additional_sources":[],"coordinate_conflict":false}},{"type":"Feature","geometry":{"type":"Point","coordinates":[18.1858587,49.8958926]},"properties":{"source_id":"ao-research-una-voce-cz-current-20261010-uvcz-r20-hlucin-st-john-baptist","precision":"street","approximate":true,"gate":"provisional_site_pin","iso":"CZ","source_url":"https://www.unavoce.cz/kostely/ostrava-opava/hlucin","source_path":"data/directory/generated/v19/una-voce-czech-round20-20261010.geo.v1.json","coordinate_provider":"OTHER","source_ref":"uvcz-source-map:UVCZ-R20-HLUCIN-ST-JOHN-BAPTIST","source_method":"","name":"","affiliation":"UNA_VOCE_SOURCE","additional_sources":[],"coordinate_conflict":false}},{"type":"Feature","geometry":{"type":"Point","coordinates":[18.2389437,49.8910245]},"properties":{"source_id":"ao-research-una-voce-cz-current-20261010-uvcz-r20-ludgerovice-st-nicholas","precision":"street","approximate":true,"gate":"provisional_site_pin","iso":"CZ","source_url":"https://www.unavoce.cz/kostely/ostrava-opava/ludgerovice","source_path":"data/directory/generated/v19/una-voce-czech-round20-20261010.geo.v1.json","coordinate_provider":"OTHER","source_ref":"uvcz-source-map:UVCZ-R20-LUDGEROVICE-ST-NICHOLAS","source_method":"","name":"","affiliation":"UNA_VOCE_SOURCE","additional_sources":[],"coordinate_conflict":false}},{"type":"Feature","geometry":{"type":"Point","coordinates":[17.2718643,49.9327102]},"properties":{"source_id":"ao-research-una-voce-cz-current-20261010-uvcz-r20-rymarov-st-michael","precision":"street","approximate":true,"gate":"provisional_site_pin","iso":"CZ","source_url":"https://www.unavoce.cz/kostely/ostrava-opava/rymarov","source_path":"data/directory/generated/v19/una-voce-czech-round20-20261010.geo.v1.json","coordinate_provider":"OTHER","source_ref":"uvcz-source-map:UVCZ-R20-RYMAROV-ST-MICHAEL","source_method":"","name":"","affiliation":"UNA_VOCE_SOURCE","additional_sources":[],"coordinate_conflict":false}},{"type":"Feature","geometry":{"type":"Point","coordinates":[18.3041021,49.8319019]},"properties":{"source_id":"ao-research-una-voce-cz-current-20261010-uvcz-r20-slezska-ostrava-st-joseph","precision":"street","approximate":true,"gate":"provisional_site_pin","iso":"CZ","source_url":"https://www.unavoce.cz/kostely/ostrava-opava/slezska-ostrava","source_path":"data/directory/generated/v19/una-voce-czech-round20-20261010.geo.v1.json","coordinate_provider":"OTHER","source_ref":"uvcz-source-map:UVCZ-R20-SLEZSKA-OSTRAVA-ST-JOSEPH","source_method":"","name":"","affiliation":"UNA_VOCE_SOURCE","additional_sources":[],"coordinate_conflict":false}}]}